Molecola1,Molecola2, LocalComparison
HOTAIR,CRW2_16S_E_698_nH.db,1.4625228519195612
HOTAIR,CRW2_16S_E_708_nH.db,1.3432835820895523
HOTAIR,CRW2_16S_E_775_nH.db,1.4492753623188406
HOTAIR,CRW2_23S_A_17_nH.db,0.30748206354629315
HOTAIR,CRW2_23S_A_18_nH.db,0.3090659340659341
HOTAIR,CRW2_23S_A_19_nH.db,0.37774725274725274
HOTAIR,CRW2_23S_A_1_nH.db,0.40913740197749743
HOTAIR,CRW2_23S_A_20_nH.db,0.2733173898189272
HOTAIR,CRW2_23S_A_21_nH.db,0.30748206354629315
HOTAIR,CRW2_23S_A_22_nH.db,0.3436426116838488
HOTAIR,CRW2_23S_A_23_nH.db,0.37774725274725274
HOTAIR,CRW2_23S_A_24_nH.db,0.37800687285223367
HOTAIR,CRW2_23S_A_25_nH.db,0.37800687285223367
HOTAIR,CRW2_23S_A_29_nH.db,0.26498840675720436
HOTAIR,CRW2_23S_A_30_nH.db,0.29811195760185494
HOTAIR,CRW2_23S_A_31_nH.db,0.29811195760185494
HOTAIR,CRW2_23S_A_32_nH.db,0.30425963488843816
HOTAIR,CRW2_23S_A_33_nH.db,0.3380662609871535
HOTAIR,CRW2_23S_A_34_nH.db,0.328515111695138
HOTAIR,CRW2_23S_A_35_nH.db,0.3380662609871535
HOTAIR,CRW2_23S_A_37_nH.db,0.3782668500687758
HOTAIR,CRW2_23S_A_39_nH.db,0.343878954607978
HOTAIR,CRW2_23S_A_3_nH.db,0.2703433360367667
HOTAIR,CRW2_23S_A_40_nH.db,0.3782668500687758
HOTAIR,CRW2_23S_A_41_nH.db,0.29712776493892373
HOTAIR,CRW2_23S_A_42_nH.db,0.3301419610432486
HOTAIR,CRW2_23S_A_44_nH.db,0.3258390355164549
HOTAIR,CRW2_23S_A_47_nH.db,0.29693170570768723
HOTAIR,CRW2_23S_A_48_nH.db,0.32992411745298583
HOTAIR,CRW2_23S_A_4_nH.db,0.2703433360367667
HOTAIR,CRW2_23S_A_5_nH.db,0.3098106712564544
HOTAIR,CRW2_23S_A_6_nH.db,0.27538726333907054
HOTAIR,CRW2_23S_A_7_nH.db,0.3098106712564544
HOTAIR,CRW2_23S_B_101_nH.db,0.30927835051546393
HOTAIR,CRW2_23S_B_105_nH.db,0.37800687285223367
HOTAIR,CRW2_23S_B_109_nH.db,0.2616944717042852
HOTAIR,CRW2_23S_B_110_nH.db,0.3598298985933922
HOTAIR,CRW2_23S_B_111_nH.db,0.3598298985933922
HOTAIR,CRW2_23S_B_115_nH.db,0.3783969728242174
HOTAIR,CRW2_23S_B_118_nH.db,0.44874007594062826
HOTAIR,CRW2_23S_B_119_nH.db,0.3106662064204349
HOTAIR,CRW2_23S_B_120_nH.db,0.44874007594062826
HOTAIR,CRW2_23S_B_121_nH.db,0.3741496598639456
HOTAIR,CRW2_23S_B_122_nH.db,0.30612244897959184
HOTAIR,CRW2_23S_B_127_nH.db,0.30612244897959184
HOTAIR,CRW2_23S_B_128_nH.db,0.30612244897959184
HOTAIR,CRW2_23S_B_129_nH.db,0.30612244897959184
HOTAIR,CRW2_23S_B_133_nH.db,0.3819444444444444
HOTAIR,CRW2_23S_B_148_nH.db,0.31337047353760444
HOTAIR,CRW2_23S_B_149_nH.db,0.383008356545961
HOTAIR,CRW2_23S_B_150_nH.db,0.383008356545961
HOTAIR,CRW2_23S_B_151_nH.db,0.32268473701193934
HOTAIR,CRW2_23S_B_152_nH.db,0.2904162633107454
HOTAIR,CRW2_23S_B_153_nH.db,0.32268473701193934
HOTAIR,CRW2_23S_B_154_nH.db,0.3073770491803279
HOTAIR,CRW2_23S_B_155_nH.db,0.34153005464480873
HOTAIR,CRW2_23S_B_156_nH.db,0.39986671109630123
HOTAIR,CRW2_23S_B_157_nH.db,0.34153005464480873
HOTAIR,CRW2_23S_B_158_nH.db,0.3332222592469177
HOTAIR,CRW2_23S_B_159_nH.db,0.39986671109630123
HOTAIR,CRW2_23S_B_163_nH.db,0.3032345013477089
HOTAIR,CRW2_23S_B_164_nH.db,0.33692722371967654
HOTAIR,CRW2_23S_B_165_nH.db,0.33692722371967654
HOTAIR,CRW2_23S_B_187_nH.db,0.2882767456758488
HOTAIR,CRW2_23S_B_188_nH.db,0.2882767456758488
HOTAIR,CRW2_23S_B_189_nH.db,0.25624599615631005
HOTAIR,CRW2_23S_B_193_nH.db,0.313588850174216
HOTAIR,CRW2_23S_B_194_nH.db,0.2787456445993031
HOTAIR,CRW2_23S_B_195_nH.db,0.313588850174216
HOTAIR,CRW2_23S_B_199_nH.db,0.28680688336520077
HOTAIR,CRW2_23S_B_200_nH.db,0.3186743148502231
HOTAIR,CRW2_23S_B_201_nH.db,0.3186743148502231
HOTAIR,CRW2_23S_B_208_nH.db,0.29712776493892373
HOTAIR,CRW2_23S_B_209_nH.db,0.29712776493892373
HOTAIR,CRW2_23S_B_210_nH.db,0.29712776493892373
HOTAIR,CRW2_23S_B_238_nH.db,0.31217481789802287
HOTAIR,CRW2_23S_B_239_nH.db,0.346860908775581
HOTAIR,CRW2_23S_B_240_nH.db,0.346860908775581
HOTAIR,CRW2_23S_B_241_nH.db,0.32051282051282054
HOTAIR,CRW2_23S_B_242_nH.db,0.32051282051282054
HOTAIR,CRW2_23S_B_243_nH.db,0.28846153846153844
HOTAIR,CRW2_23S_B_250_nH.db,0.32051282051282054
HOTAIR,CRW2_23S_B_251_nH.db,0.28846153846153844
HOTAIR,CRW2_23S_B_252_nH.db,0.32051282051282054
HOTAIR,CRW2_23S_B_253_nH.db,0.3397893306150187
HOTAIR,CRW2_23S_B_254_nH.db,0.3397893306150187
HOTAIR,CRW2_23S_B_255_nH.db,0.3397893306150187
HOTAIR,CRW2_23S_B_260_nH.db,0.4172461752433936
HOTAIR,CRW2_23S_B_261_nH.db,0.4172461752433936
HOTAIR,CRW2_23S_B_262_nH.db,0.3477051460361613
HOTAIR,CRW2_23S_B_263_nH.db,0.274442538593482
HOTAIR,CRW2_23S_B_264_nH.db,0.411663807890223
HOTAIR,CRW2_23S_B_265_nH.db,0.411663807890223
HOTAIR,CRW2_23S_B_272_nH.db,0.411663807890223
HOTAIR,CRW2_23S_B_273_nH.db,0.411663807890223
HOTAIR,CRW2_23S_B_274_nH.db,0.37735849056603776
HOTAIR,CRW2_23S_B_275_nH.db,0.2905100064557779
HOTAIR,CRW2_23S_B_276_nH.db,0.2582311168495804
HOTAIR,CRW2_23S_B_277_nH.db,0.2905100064557779
HOTAIR,CRW2_23S_B_69_nH.db,0.3417634996582365
HOTAIR,CRW2_23S_B_74_nH.db,0.31228313671061764
HOTAIR,CRW2_23S_B_75_nH.db,0.31228313671061764
HOTAIR,CRW2_23S_B_76_nH.db,0.2775850104094379
HOTAIR,CRW2_23S_B_77_nH.db,0.2783576896311761
HOTAIR,CRW2_23S_B_78_nH.db,0.31315240083507306
HOTAIR,CRW2_23S_B_79_nH.db,0.31315240083507306
HOTAIR,CRW2_23S_B_92_nH.db,0.4118050789293068
HOTAIR,CRW2_23S_B_93_nH.db,0.3088538091969801
HOTAIR,CRW2_23S_B_94_nH.db,0.4118050789293068
HOTAIR,CRW2_23S_B_96_nH.db,0.37800687285223367
HOTAIR,CRW2_23S_B_98_nH.db,0.3798342541436464
HOTAIR,CRW2_23S_E_278_nH.db,0.3088538091969801
HOTAIR,CRW2_23S_E_279_nH.db,0.3088538091969801
HOTAIR,CRW2_23S_E_282_nH.db,0.3090659340659341
HOTAIR,CRW2_23S_E_283_nH.db,0.2746309646412633
HOTAIR,CRW2_23S_E_284_nH.db,0.2806361085126286
HOTAIR,CRW2_23S_E_285_nH.db,0.2808988764044944
HOTAIR,CRW2_23S_E_286_nH.db,0.3433208489388265
HOTAIR,CRW2_23S_E_287_nH.db,0.3457814661134163
HOTAIR,CRW2_23S_E_288_nH.db,0.3112033195020747
HOTAIR,CRW2_23S_E_289_nH.db,0.3765833618623759
HOTAIR,CRW2_23S_E_290_nH.db,0.3081136597055803
HOTAIR,CRW2_23S_E_291_nH.db,0.3787878787878788
HOTAIR,CRW2_23S_E_292_nH.db,0.30991735537190085
HOTAIR,CRW2_23S_E_293_nH.db,0.37800687285223367
HOTAIR,CRW2_23S_E_294_nH.db,0.35177486408698433
HOTAIR,CRW2_23S_E_295_nH.db,0.30927835051546393
HOTAIR,CRW2_23S_E_296_nH.db,0.2878157978893508
HOTAIR,CRW2_23S_E_297_nH.db,0.30343897505057316
HOTAIR,CRW2_23S_E_298_nH.db,0.37086985839514497
HOTAIR,CRW2_23S_E_299_nH.db,0.3104518799586064
HOTAIR,CRW2_23S_E_300_nH.db,0.3794411866160745
HOTAIR,CRW2_23S_E_301_nH.db,0.3768413840356286
HOTAIR,CRW2_23S_E_302_nH.db,0.30832476875642345
HOTAIR,CRW2_23S_E_303_nH.db,0.3142677561282212
HOTAIR,CRW2_23S_E_304_nH.db,0.28284098051539913
HOTAIR,CRW2_23S_E_306_nH.db,0.33783783783783783
HOTAIR,CRW2_23S_E_307_nH.db,0.2983095790520385
HOTAIR,CRW2_23S_E_308_nH.db,0.3646005966191581
HOTAIR,CRW2_23S_E_312_nH.db,0.351213282247765
HOTAIR,CRW2_23S_E_313_nH.db,0.28735632183908044
HOTAIR,CRW2_23S_E_314_nH.db,0.37225042301184436
HOTAIR,CRW2_23S_E_315_nH.db,0.30456852791878175
HOTAIR,CRW2_23S_E_321_nH.db,0.2751031636863824
HOTAIR,CRW2_23S_E_322_nH.db,0.30949105914718017
HOTAIR,CRW2_23S_E_323_nH.db,0.3088538091969801
HOTAIR,CRW2_23S_E_324_nH.db,0.37748798901853126
HOTAIR,CRW2_23S_E_325_nH.db,0.30895983522142123
HOTAIR,CRW2_23S_E_326_nH.db,0.3432887058015791
HOTAIR,CRW2_23S_E_327_nH.db,0.3356831151393085
HOTAIR,CRW2_23S_E_328_nH.db,0.3021148036253776
HOTAIR,CRW2_23S_E_329_nH.db,0.3441156228492774
HOTAIR,CRW2_23S_E_330_nH.db,0.27529249827942187
HOTAIR,CRW2_23S_E_334_nH.db,0.3119584055459272
HOTAIR,CRW2_23S_E_335_nH.db,0.38128249566724437
HOTAIR,CRW2_23S_E_336_nH.db,0.30853616729516625
HOTAIR,CRW2_23S_E_337_nH.db,0.30853616729516625
HOTAIR,CRW2_23S_E_342_nH.db,0.3103448275862069
HOTAIR,CRW2_23S_E_343_nH.db,0.2759572266298724
HOTAIR,CRW2_23S_E_346_nH.db,0.2346316283435007
HOTAIR,CRW2_23S_E_347_nH.db,0.2346316283435007
HOTAIR,CRW2_23S_E_348_nH.db,0.2825656965244419
HOTAIR,CRW2_23S_E_349_nH.db,0.2825656965244419
HOTAIR,CRW2_23S_E_350_nH.db,0.2825656965244419
HOTAIR,CRW2_23S_E_351_nH.db,0.29129041654529564
HOTAIR,CRW2_23S_E_352_nH.db,0.2621613748907661
HOTAIR,CRW2_23S_E_353_nH.db,0.2542372881355932
HOTAIR,CRW2_23S_E_354_nH.db,0.2824858757062147
HOTAIR,CRW2_23S_E_355_nH.db,0.2846569883290635
HOTAIR,CRW2_23S_E_356_nH.db,0.2846569883290635
HOTAIR,CRW2_23S_E_357_nH.db,0.2730748225013654
HOTAIR,CRW2_23S_E_358_nH.db,0.2184598580010923
HOTAIR,CRW2_23S_E_359_nH.db,0.2184598580010923
HOTAIR,CRW2_23S_E_360_nH.db,0.2730748225013654
HOTAIR,CRW2_23S_E_361_nH.db,0.2730748225013654
HOTAIR,CRW2_23S_E_362_nH.db,0.2847380410022779
HOTAIR,CRW2_23S_E_363_nH.db,0.25626423690205014
HOTAIR,CRW2_23S_E_364_nH.db,0.19622271277900416
HOTAIR,CRW2_23S_E_365_nH.db,0.29411764705882354
HOTAIR,CRW2_23S_E_366_nH.db,0.233341975628727
HOTAIR,CRW2_23S_E_367_nH.db,0.25926886180969666
HOTAIR,CRW2_23S_E_368_nH.db,0.21823472356935014
HOTAIR,CRW2_23S_E_370_nH.db,0.26679602231384913
HOTAIR,CRW2_23S_E_371_nH.db,0.39184952978056425
HOTAIR,CRW2_23S_E_372_nH.db,0.39184952978056425
HOTAIR,CRW2_23S_E_373_nH.db,0.35266457680250785
HOTAIR,CRW2_23S_E_374_nH.db,0.24679170779861798
HOTAIR,CRW2_23S_E_375_nH.db,0.22211253701875616
HOTAIR,CRW2_23S_E_376_nH.db,0.24496461622210125
HOTAIR,CRW2_23S_E_377_nH.db,0.2994011976047904
HOTAIR,CRW2_23S_E_378_nH.db,0.25395033860045146
HOTAIR,CRW2_23S_E_379_nH.db,0.28216704288939054
HOTAIR,CRW2_23S_E_380_nH.db,0.2824060999717594
HOTAIR,CRW2_23S_E_381_nH.db,0.25416548997458344
HOTAIR,CRW2_23S_E_382_nH.db,0.35385704175513094
HOTAIR,CRW2_23S_E_383_nH.db,0.35385704175513094
HOTAIR,CRW2_23S_E_387_nH.db,0.3557452863749555
HOTAIR,CRW2_23S_E_388_nH.db,0.32017075773745995
HOTAIR,CRW2_23S_E_389_nH.db,0.3225806451612903
HOTAIR,CRW2_23S_E_390_nH.db,0.25806451612903225
HOTAIR,CRW2_23S_E_391_nH.db,0.24187046492878259
HOTAIR,CRW2_23S_E_392_nH.db,0.24187046492878259
HOTAIR,CRW2_23S_E_393_nH.db,0.1736111111111111
HOTAIR,CRW2_23S_E_394_nH.db,0.23148148148148148
HOTAIR,CRW2_23S_E_395_nH.db,0.23148148148148148
HOTAIR,CRW2_23S_E_396_nH.db,0.2824858757062147
HOTAIR,CRW2_23S_E_397_nH.db,0.2824858757062147
HOTAIR,CRW2_23S_E_398_nH.db,0.18484288354898337
HOTAIR,CRW2_23S_E_399_nH.db,0.24645717806531114
HOTAIR,CRW2_23S_E_400_nH.db,0.24800220446403967
HOTAIR,CRW2_23S_E_401_nH.db,0.27555800496004407
HOTAIR,CRW2_23S_E_402_nH.db,0.27555800496004407
HOTAIR,CRW2_23S_E_403_nH.db,0.2726918582002337
HOTAIR,CRW2_23S_E_404_nH.db,0.2726918582002337
HOTAIR,CRW2_23S_E_405_nH.db,0.2726918582002337
HOTAIR,CRW2_23S_E_406_nH.db,0.3131115459882583
HOTAIR,CRW2_23S_E_407_nH.db,0.3131115459882583
HOTAIR,CRW2_23S_E_408_nH.db,0.3131115459882583
HOTAIR,CRW2_23S_E_409_nH.db,0.3131115459882583
HOTAIR,CRW2_23S_E_410_nH.db,0.3131115459882583
HOTAIR,CRW2_23S_E_411_nH.db,0.273972602739726
HOTAIR,CRW2_23S_E_412_nH.db,0.31620553359683795
HOTAIR,CRW2_23S_E_413_nH.db,0.3557312252964427
HOTAIR,CRW2_23S_E_414_nH.db,0.3557312252964427
HOTAIR,CRW2_23S_E_415_nH.db,0.24896265560165975
HOTAIR,CRW2_23S_E_416_nH.db,0.2766251728907331
HOTAIR,CRW2_23S_E_417_nH.db,0.2824060999717594
HOTAIR,CRW2_23S_E_418_nH.db,0.25416548997458344
HOTAIR,CRW2_23S_E_419_nH.db,0.2824060999717594
HOTAIR,CRW2_23S_E_420_nH.db,0.2569226377390808
HOTAIR,CRW2_23S_E_421_nH.db,0.28546959748786754
HOTAIR,CRW2_23S_E_430_nH.db,0.25906735751295334
HOTAIR,CRW2_23S_E_431_nH.db,0.25906735751295334
HOTAIR,CRW2_23S_E_432_nH.db,0.2807411566535654
HOTAIR,CRW2_23S_E_433_nH.db,0.2807411566535654
HOTAIR,CRW2_23S_E_434_nH.db,0.253613999492772
HOTAIR,CRW2_23S_E_435_nH.db,0.2282525995434948
HOTAIR,CRW2_23S_E_436_nH.db,0.2464268112370626
HOTAIR,CRW2_23S_E_440_nH.db,0.225886604924328
HOTAIR,CRW2_23S_E_445_nH.db,0.2427675500708072
HOTAIR,CRW2_23S_E_446_nH.db,0.1820756625531054
HOTAIR,CRW2_23S_E_447_nH.db,0.25323579065841306
HOTAIR,CRW2_23S_E_448_nH.db,0.28137310073157007
HOTAIR,CRW2_23S_E_453_nH.db,0.27948574622694244
HOTAIR,CRW2_23S_E_454_nH.db,0.2730748225013654
HOTAIR,CRW2_23S_E_455_nH.db,0.27314941272876264
HOTAIR,CRW2_23S_E_456_nH.db,0.2633311389071758
HOTAIR,CRW2_23S_E_457_nH.db,0.2633311389071758
HOTAIR,CRW2_23S_E_458_nH.db,0.2387774594078319
HOTAIR,CRW2_23S_E_459_nH.db,0.28653295128939826
HOTAIR,CRW2_23S_E_460_nH.db,0.27570995312930796
HOTAIR,CRW2_23S_E_461_nH.db,0.27570995312930796
HOTAIR,CRW2_23S_E_462_nH.db,0.27570995312930796
HOTAIR,CRW2_23S_E_464_nH.db,0.2554640931024695
HOTAIR,CRW2_23S_E_465_nH.db,0.2570694087403599
HOTAIR,CRW2_23S_E_466_nH.db,0.2570694087403599
HOTAIR,CRW2_23S_E_467_nH.db,0.2570694087403599
HOTAIR,CRW2_23S_E_470_nH.db,0.27079303675048355
HOTAIR,CRW2_23S_E_471_nH.db,0.27079303675048355
HOTAIR,CRW2_23S_E_472_nH.db,0.27079303675048355
HOTAIR,CRW2_23S_E_473_nH.db,0.21062485373274045
HOTAIR,CRW2_23S_E_474_nH.db,0.28083313831032064
HOTAIR,CRW2_23S_E_475_nH.db,0.28328611898017
HOTAIR,CRW2_23S_E_476_nH.db,0.311614730878187
HOTAIR,CRW2_23S_E_477_nH.db,0.599250936329588
HOTAIR,CRW2_23S_E_478_nH.db,0.6741573033707865
HOTAIR,CRW2_23S_E_479_nH.db,0.5085823267641449
HOTAIR,CRW2_23S_E_480_nH.db,0.5085823267641449
HOTAIR,CRW2_23S_E_482_nH.db,0.6381039197812215
HOTAIR,CRW2_23S_E_484_nH.db,0.33100404560500185
HOTAIR,CRW2_23S_E_485_nH.db,0.33100404560500185
HOTAIR,CRW2_23S_E_486_nH.db,0.2846299810246679
HOTAIR,CRW2_23S_E_487_nH.db,0.6559766763848397
HOTAIR,CRW2_23S_E_488_nH.db,0.2530044275774826
HOTAIR,CRW2_23S_E_489_nH.db,0.6559766763848397
HOTAIR,CRW2_23S_E_490_nH.db,0.6866952789699571
HOTAIR,CRW2_23S_E_493_nH.db,0.9375
HOTAIR,CRW2_23S_E_494_nH.db,0.9375
HOTAIR,CRW2_23S_E_495_nH.db,0.7901668129938543
HOTAIR,CRW2_23S_E_496_nH.db,0.7428040854224698
HOTAIR,CRW2_23S_E_497_nH.db,0.8356545961002786
HOTAIR,CRW2_23S_E_498_nH.db,0.6349206349206349
HOTAIR,CRW2_23S_E_499_nH.db,0.5714285714285714
HOTAIR,CRW2_23S_E_500_nH.db,0.5699810006333123
HOTAIR,CRW2_23S_E_501_nH.db,0.5699810006333123
HOTAIR,CRW2_23S_E_502_nH.db,0.5699810006333123
HOTAIR,CRW2_23S_E_503_nH.db,0.34843205574912894
HOTAIR,CRW2_23S_E_504_nH.db,0.34843205574912894
HOTAIR,CRW2_23S_E_505_nH.db,0.7345225603357818
HOTAIR,CRW2_23S_E_506_nH.db,0.7345225603357818
HOTAIR,CRW2_23S_E_507_nH.db,0.7345225603357818
HOTAIR,CRW2_23S_E_508_nH.db,0.4177545691906005
HOTAIR,CRW2_23S_E_509_nH.db,0.4699738903394256
HOTAIR,CRW2_23S_E_510_nH.db,0.4699738903394256
HOTAIR,CRW2_23S_E_511_nH.db,0.7011393514461
HOTAIR,CRW2_23S_E_512_nH.db,0.6134969325153374
HOTAIR,CRW2_23S_E_513_nH.db,0.60882800608828
HOTAIR,CRW2_23S_E_515_nH.db,0.6361323155216285
HOTAIR,CRW2_23S_E_516_nH.db,0.5725190839694656
HOTAIR,CRW2_23S_E_517_nH.db,0.6074411541381929
HOTAIR,CRW2_23S_E_518_nH.db,0.683371298405467
HOTAIR,CRW2_23S_E_522_nH.db,0.5891016200294551
HOTAIR,CRW2_23S_E_523_nH.db,0.47619047619047616
HOTAIR,CRW2_23S_E_524_nH.db,0.5357142857142857
HOTAIR,CRW2_23S_E_525_nH.db,0.6584362139917695
HOTAIR,CRW2_23S_E_526_nH.db,0.7117437722419929
HOTAIR,CRW2_23S_E_527_nH.db,0.7117437722419929
HOTAIR,CRW2_23S_E_528_nH.db,0.41339396444811904
HOTAIR,CRW2_23S_E_529_nH.db,0.3307151715584952
HOTAIR,CRW2_23S_E_530_nH.db,0.30923850019327404
HOTAIR,CRW2_23S_E_531_nH.db,0.30923850019327404
HOTAIR,CRW2_23S_E_532_nH.db,0.5089058524173028
HOTAIR,CRW2_23S_E_533_nH.db,0.5725190839694656
HOTAIR,CRW2_23S_E_535_nH.db,0.46592894583576006
HOTAIR,CRW2_23S_E_536_nH.db,0.2785515320334262
HOTAIR,CRW2_23S_E_537_nH.db,0.31337047353760444
HOTAIR,CRW2_23S_E_541_nH.db,0.5674653215636822
HOTAIR,CRW2_23S_E_542_nH.db,0.5044136191677175
HOTAIR,CRW2_23S_E_543_nH.db,0.5732484076433121
HOTAIR,CRW2_23S_E_544_nH.db,0.5095541401273885
HOTAIR,CRW2_23S_E_545_nH.db,0.6033182503770739
HOTAIR,CRW2_23S_E_546_nH.db,0.6033182503770739
HOTAIR,CRW2_23S_E_547_nH.db,0.5060088551549652
HOTAIR,CRW2_23S_E_548_nH.db,0.5692599620493358
HOTAIR,CRW2_23S_E_551_nH.db,0.6445672191528545
HOTAIR,CRW2_23S_E_552_nH.db,0.28901734104046245
HOTAIR,CRW2_23S_E_553_nH.db,0.2892030848329049
HOTAIR,CRW2_23S_E_554_nH.db,0.4935225169648365
HOTAIR,CRW2_23S_E_555_nH.db,0.5552128315854411
HOTAIR,CRW2_23S_E_556_nH.db,0.574345883854499
HOTAIR,CRW2_23S_E_557_nH.db,0.574345883854499
HOTAIR,CRW2_23S_E_558_nH.db,0.7060333761232349
HOTAIR,CRW2_23S_E_559_nH.db,0.5776636713735558
HOTAIR,CRW2_23S_E_561_nH.db,0.7060333761232349
HOTAIR,CRW2_23S_E_562_nH.db,0.6006006006006006
HOTAIR,CRW2_23S_E_565_nH.db,0.6751687921980495
HOTAIR,CRW2_23S_E_566_nH.db,0.6751687921980495
HOTAIR,CRW2_23S_E_567_nH.db,0.6751687921980495
HOTAIR,CRW2_23S_E_568_nH.db,0.684931506849315
HOTAIR,CRW2_23S_E_569_nH.db,0.684931506849315
HOTAIR,CRW2_23S_E_570_nH.db,0.6820119352088662
HOTAIR,CRW2_23S_E_571_nH.db,0.6820119352088662
HOTAIR,CRW2_23S_E_572_nH.db,0.6820119352088662
HOTAIR,CRW2_23S_E_573_nH.db,0.7036747458952306
HOTAIR,CRW2_23S_E_574_nH.db,0.7036747458952306
HOTAIR,CRW2_23S_E_575_nH.db,0.6254886630179828
HOTAIR,CRW2_23S_E_576_nH.db,0.6884681583476764
HOTAIR,CRW2_23S_E_577_nH.db,0.6884681583476764
HOTAIR,CRW2_23S_E_580_nH.db,0.7234726688102894
HOTAIR,CRW2_23S_E_581_nH.db,0.0
HOTAIR,CRW2_23S_E_582_nH.db,0.5952380952380952
HOTAIR,CRW2_23S_E_583_nH.db,0.5056890012642224
HOTAIR,CRW2_23S_E_584_nH.db,0.5056890012642224
HOTAIR,CRW2_23S_E_585_nH.db,0.285816362986781
HOTAIR,CRW2_23S_E_586_nH.db,0.3215434083601286
HOTAIR,CRW2_23S_E_587_nH.db,0.5739795918367347
HOTAIR,CRW2_23S_E_590_nH.db,0.2597402597402597
HOTAIR,CRW2_23S_E_591_nH.db,0.2597402597402597
HOTAIR,CRW2_23S_E_592_nH.db,0.24676125848241826
HOTAIR,CRW2_23S_E_593_nH.db,0.27760641579272055
HOTAIR,CRW2_23S_E_594_nH.db,0.34735623311462754
HOTAIR,CRW2_23S_E_595_nH.db,0.34735623311462754
HOTAIR,CRW2_23S_E_596_nH.db,0.5105296745373324
HOTAIR,CRW2_23S_E_597_nH.db,0.574345883854499
HOTAIR,CRW2_23S_E_598_nH.db,0.24226110363391656
HOTAIR,CRW2_23S_E_599_nH.db,0.2691790040376851
HOTAIR,CRW2_23S_E_600_nH.db,0.2917341977309562
HOTAIR,CRW2_23S_E_601_nH.db,0.2917341977309562
HOTAIR,CRW2_23S_E_602_nH.db,0.26346604215456676
HOTAIR,CRW2_23S_E_603_nH.db,0.26346604215456676
HOTAIR,CRW2_23S_E_604_nH.db,0.33419977720014854
HOTAIR,CRW2_23S_E_605_nH.db,0.29706646862235425
HOTAIR,CRW2_23S_E_606_nH.db,0.5157962604771116
HOTAIR,CRW2_23S_E_607_nH.db,0.5157962604771116
HOTAIR,CRW2_23S_E_609_nH.db,0.5590496156533893
HOTAIR,CRW2_23S_E_612_nH.db,0.5809731299927379
HOTAIR,CRW2_23S_E_617_nH.db,0.3416856492027335
HOTAIR,CRW2_23S_E_618_nH.db,0.3416856492027335
HOTAIR,CRW2_23S_E_619_nH.db,0.3474903474903475
HOTAIR,CRW2_23S_E_620_nH.db,0.3861003861003861
HOTAIR,CRW2_23S_E_621_nH.db,0.5784061696658098
HOTAIR,CRW2_23S_E_622_nH.db,0.5784061696658098
HOTAIR,CRW2_23S_E_623_nH.db,0.35046728971962615
HOTAIR,CRW2_23S_E_624_nH.db,0.35046728971962615
HOTAIR,CRW2_23S_E_625_nH.db,0.5776636713735558
HOTAIR,CRW2_23S_E_626_nH.db,0.7060333761232349
HOTAIR,CRW2_23S_E_627_nH.db,0.5111821086261981
HOTAIR,CRW2_23S_E_628_nH.db,0.5750798722044729
HOTAIR,CRW2_23S_E_629_nH.db,0.2996005326231691
HOTAIR,CRW2_23S_E_630_nH.db,0.2663115845539281
HOTAIR,CRW2_23S_E_631_nH.db,0.3635041802980734
HOTAIR,CRW2_23S_E_632_nH.db,0.3271537622682661
HOTAIR,CRW2_23S_E_633_nH.db,0.5678233438485805
HOTAIR,CRW2_23S_E_634_nH.db,0.5047318611987381
HOTAIR,CRW2_23S_E_635_nH.db,0.5131494547787043
HOTAIR,CRW2_23S_E_636_nH.db,0.41306796845662785
HOTAIR,CRW2_23S_E_637_nH.db,0.5772931366260423
HOTAIR,CRW2_23S_E_638_nH.db,0.3379647014645137
HOTAIR,CRW2_23S_E_639_nH.db,0.27816411682892905
HOTAIR,CRW2_23S_E_640_nH.db,0.27816411682892905
HOTAIR,CRW2_23S_E_641_nH.db,0.3360831041857623
HOTAIR,CRW2_23S_E_642_nH.db,0.27497708524289644
HOTAIR,CRW2_23S_E_643_nH.db,0.3360831041857623
HOTAIR,CRW2_23S_E_644_nH.db,0.3184713375796178
HOTAIR,CRW2_23S_E_645_nH.db,0.3184713375796178
HOTAIR,CRW2_23S_E_646_nH.db,0.5901639344262295
HOTAIR,CRW2_23S_E_647_nH.db,0.5901639344262295
HOTAIR,CRW2_23S_E_651_nH.db,0.7879185817465528
HOTAIR,CRW2_23S_E_652_nH.db,0.5909389363099147
HOTAIR,CRW2_23S_E_653_nH.db,0.23074704355350448
HOTAIR,CRW2_23S_E_654_nH.db,0.23074704355350448
HOTAIR,CRW2_23S_E_655_nH.db,0.6944444444444444
HOTAIR,CRW2_23S_E_656_nH.db,0.6944444444444444
HOTAIR,CRW2_23S_E_657_nH.db,0.5714285714285714
HOTAIR,CRW2_23S_E_658_nH.db,0.6349206349206349
HOTAIR,CRW2_23S_E_659_nH.db,0.30828516377649323
HOTAIR,CRW2_23S_E_660_nH.db,0.3468208092485549
HOTAIR,CRW2_23S_E_661_nH.db,0.3468208092485549
HOTAIR,CRW2_23S_E_662_nH.db,0.30828516377649323
HOTAIR,CRW2_23S_E_663_nH.db,0.5487804878048781
HOTAIR,CRW2_23S_E_664_nH.db,0.4878048780487805
HOTAIR,CRW2_23S_E_665_nH.db,0.5487804878048781
HOTAIR,CRW2_GIII_B_18_nH.db,0.3539127015336217
HOTAIR,CRW2_GIII_B_1_nH.db,0.40424456796361796
HOTAIR,CRW2_GIII_B_2_nH.db,0.34615384615384615
HOTAIR,CRW2_GIII_B_3_nH.db,0.4726890756302521
HOTAIR,CRW2_GIII_E_10_nH.db,1.5174506828528074
HOTAIR,CRW2_GIII_E_11_nH.db,0.3433803891644411
HOTAIR,CRW2_GIII_E_12_nH.db,0.5487804878048781
HOTAIR,CRW2_GIII_E_13_nH.db,0.36643459142543056
HOTAIR,CRW2_GIII_E_14_nH.db,0.4807692307692308
HOTAIR,CRW2_GIII_E_16_nH.db,0.8771929824561403
HOTAIR,CRW2_GIII_E_17_nH.db,0.7714561234329798
HOTAIR,CRW2_GIII_E_19_nH.db,0.6866952789699571
HOTAIR,CRW2_GIII_E_20_nH.db,1.0057471264367817
HOTAIR,CRW2_GIII_E_21_nH.db,1.1688311688311688
HOTAIR,CRW2_GIII_E_22_nH.db,0.922266139657444
HOTAIR,CRW2_GIII_E_23_nH.db,1.1920529801324504
HOTAIR,CRW2_GIII_E_24_nH.db,0.8080808080808081
HOTAIR,CRW2_GIII_E_25_nH.db,0.9887005649717514
HOTAIR,CRW2_GIII_E_26_nH.db,0.3791469194312796
HOTAIR,CRW2_GIII_E_27_nH.db,0.4308023694130318
HOTAIR,CRW2_GIII_E_28_nH.db,0.7619047619047619
HOTAIR,CRW2_GIII_E_29_nH.db,0.36378334680679064
HOTAIR,CRW2_GIII_E_30_nH.db,0.7550335570469798
HOTAIR,CRW2_GIII_E_31_nH.db,0.8080808080808081
HOTAIR,CRW2_GIII_E_32_nH.db,0.32786885245901637
HOTAIR,CRW2_GIII_E_33_nH.db,1.0101010101010102
HOTAIR,CRW2_GIII_E_35_nH.db,1.12
HOTAIR,CRW2_GIII_E_4_nH.db,1.2820512820512822
HOTAIR,CRW2_GIII_E_5_nH.db,0.9472259810554804
HOTAIR,CRW2_GIII_E_6_nH.db,1.1308562197092085
HOTAIR,CRW2_GIII_E_7_nH.db,0.970873786407767
HOTAIR,CRW2_GIII_E_8_nH.db,1.0362694300518134
HOTAIR,CRW2_GIII_E_9_nH.db,0.34495975469528556
HOTAIR,SRPdb_SRP_131_nH.db,1.3157894736842106
HOTAIR,SRPdb_SRP_233_nH.db,1.6917293233082706
HOTAIR,SRPdb_SRP_244_nH.db,1.3157894736842106
HOTAIR,SRPdb_SRP_41_nH.db,1.5037593984962405
HOTAIR,SRPdb_SRP_517_nH.db,1.5037593984962405
HOTAIR,SRPdb_SRP_674_nH.db,1.6917293233082706
HOTAIR,SRPdb_SRP_701_nH.db,1.5037593984962405
HOTAIR,SRPdb_SRP_714_nH.db,1.6917293233082706
HOTAIR,SRPdb_SRP_78_nH.db,1.6917293233082706
HOTAIR,SRPdb_SRP_821_nH.db,1.5037593984962405
HOTAIR,SRPdb_SRP_873_nH.db,1.3133208255159474
HOTAIR,SRPdb_SRP_95_nH.db,1.6885553470919326
HOTAIR,tmRNAdb_tmRNA_194_nH.db,0.46296296296296297
HOTAIR,tmRNAdb_tmRNA_254_nH.db,0.5271084337349398
HOTAIR,tmRNAdb_tmRNA_25_nH.db,0.3756574004507889
HOTAIR,tmRNAdb_tmRNA_594_nH.db,0.4507888805409467
HOTAIR,tmRNAdb_tmRNA_691_nH.db,0.3756574004507889
