Molecola1,Molecola2, GlobalComparsion
HOTAIR,CRW2_16S_E_698_nH.db,-51.553930530164536
HOTAIR,CRW2_16S_E_708_nH.db,-50.59701492537314
HOTAIR,CRW2_16S_E_775_nH.db,-49.9194847020934
HOTAIR,CRW2_23S_A_17_nH.db,-77.04133925521012
HOTAIR,CRW2_23S_A_18_nH.db,-72.32142857142857
HOTAIR,CRW2_23S_A_19_nH.db,-67.78846153846153
HOTAIR,CRW2_23S_A_1_nH.db,-77.12240027275827
HOTAIR,CRW2_23S_A_20_nH.db,-72.32661428083362
HOTAIR,CRW2_23S_A_21_nH.db,-68.26101810727708
HOTAIR,CRW2_23S_A_22_nH.db,-72.81786941580756
HOTAIR,CRW2_23S_A_23_nH.db,-76.64835164835165
HOTAIR,CRW2_23S_A_24_nH.db,-67.76632302405498
HOTAIR,CRW2_23S_A_25_nH.db,-77.38831615120274
HOTAIR,CRW2_23S_A_29_nH.db,-73.53428287512422
HOTAIR,CRW2_23S_A_30_nH.db,-78.00596223915204
HOTAIR,CRW2_23S_A_31_nH.db,-69.2613448161643
HOTAIR,CRW2_23S_A_32_nH.db,-77.28194726166329
HOTAIR,CRW2_23S_A_33_nH.db,-68.39080459770115
HOTAIR,CRW2_23S_A_34_nH.db,-77.72667542706965
HOTAIR,CRW2_23S_A_35_nH.db,-73.32657200811359
HOTAIR,CRW2_23S_A_37_nH.db,-68.01925722145805
HOTAIR,CRW2_23S_A_39_nH.db,-72.90233837689134
HOTAIR,CRW2_23S_A_3_nH.db,-81.42741281427413
HOTAIR,CRW2_23S_A_40_nH.db,-76.75378266850069
HOTAIR,CRW2_23S_A_41_nH.db,-73.91878507758337
HOTAIR,CRW2_23S_A_42_nH.db,-77.74843182568505
HOTAIR,CRW2_23S_A_44_nH.db,-77.84294558488106
HOTAIR,CRW2_23S_A_47_nH.db,-77.96106895414054
HOTAIR,CRW2_23S_A_48_nH.db,-73.90300230946882
HOTAIR,CRW2_23S_A_4_nH.db,-78.42660178426601
HOTAIR,CRW2_23S_A_5_nH.db,-77.07401032702238
HOTAIR,CRW2_23S_A_6_nH.db,-72.66781411359725
HOTAIR,CRW2_23S_A_7_nH.db,-68.12392426850258
HOTAIR,CRW2_23S_B_101_nH.db,-68.69415807560138
HOTAIR,CRW2_23S_B_105_nH.db,-68.62542955326461
HOTAIR,CRW2_23S_B_109_nH.db,-73.89597644749755
HOTAIR,CRW2_23S_B_110_nH.db,-69.38174681059863
HOTAIR,CRW2_23S_B_111_nH.db,-78.01766437684005
HOTAIR,CRW2_23S_B_115_nH.db,-68.28345373237013
HOTAIR,CRW2_23S_B_118_nH.db,-72.83396617190196
HOTAIR,CRW2_23S_B_119_nH.db,-77.97721781152917
HOTAIR,CRW2_23S_B_120_nH.db,-68.41560234725578
HOTAIR,CRW2_23S_B_121_nH.db,-68.9795918367347
HOTAIR,CRW2_23S_B_122_nH.db,-73.87755102040816
HOTAIR,CRW2_23S_B_127_nH.db,-77.00680272108843
HOTAIR,CRW2_23S_B_128_nH.db,-73.60544217687075
HOTAIR,CRW2_23S_B_129_nH.db,-68.80952380952381
HOTAIR,CRW2_23S_B_133_nH.db,-67.88194444444444
HOTAIR,CRW2_23S_B_148_nH.db,-72.7715877437326
HOTAIR,CRW2_23S_B_149_nH.db,-77.15877437325905
HOTAIR,CRW2_23S_B_150_nH.db,-67.86211699164346
HOTAIR,CRW2_23S_B_151_nH.db,-69.31268151016457
HOTAIR,CRW2_23S_B_152_nH.db,-77.99290093578574
HOTAIR,CRW2_23S_B_153_nH.db,-73.99161019683768
HOTAIR,CRW2_23S_B_154_nH.db,-76.87841530054645
HOTAIR,CRW2_23S_B_155_nH.db,-68.23770491803279
HOTAIR,CRW2_23S_B_156_nH.db,-77.57414195268244
HOTAIR,CRW2_23S_B_157_nH.db,-73.12158469945355
HOTAIR,CRW2_23S_B_158_nH.db,-73.37554148617127
HOTAIR,CRW2_23S_B_159_nH.db,-68.71042985671443
HOTAIR,CRW2_23S_B_163_nH.db,-76.88679245283019
HOTAIR,CRW2_23S_B_164_nH.db,-68.26145552560646
HOTAIR,CRW2_23S_B_165_nH.db,-73.61859838274933
HOTAIR,CRW2_23S_B_187_nH.db,-78.15502882767457
HOTAIR,CRW2_23S_B_188_nH.db,-69.6668802049968
HOTAIR,CRW2_23S_B_189_nH.db,-74.02306213965407
HOTAIR,CRW2_23S_B_193_nH.db,-68.98954703832753
HOTAIR,CRW2_23S_B_194_nH.db,-73.13588850174216
HOTAIR,CRW2_23S_B_195_nH.db,-78.11846689895471
HOTAIR,CRW2_23S_B_199_nH.db,-78.4257488846399
HOTAIR,CRW2_23S_B_200_nH.db,-73.74123645634162
HOTAIR,CRW2_23S_B_201_nH.db,-69.72594008922881
HOTAIR,CRW2_23S_B_208_nH.db,-77.0221195113899
HOTAIR,CRW2_23S_B_209_nH.db,-73.78672829316606
HOTAIR,CRW2_23S_B_210_nH.db,-69.13172664245626
HOTAIR,CRW2_23S_B_238_nH.db,-76.58688865764829
HOTAIR,CRW2_23S_B_239_nH.db,-67.84599375650365
HOTAIR,CRW2_23S_B_240_nH.db,-72.32049947970863
HOTAIR,CRW2_23S_B_241_nH.db,-69.74358974358974
HOTAIR,CRW2_23S_B_242_nH.db,-77.62820512820512
HOTAIR,CRW2_23S_B_243_nH.db,-73.97435897435898
HOTAIR,CRW2_23S_B_250_nH.db,-77.59615384615384
HOTAIR,CRW2_23S_B_251_nH.db,-73.65384615384616
HOTAIR,CRW2_23S_B_252_nH.db,-69.6474358974359
HOTAIR,CRW2_23S_B_253_nH.db,-68.22969758749575
HOTAIR,CRW2_23S_B_254_nH.db,-73.36051647978253
HOTAIR,CRW2_23S_B_255_nH.db,-76.96228338430173
HOTAIR,CRW2_23S_B_260_nH.db,-67.24617524339361
HOTAIR,CRW2_23S_B_261_nH.db,-76.46036161335188
HOTAIR,CRW2_23S_B_262_nH.db,-72.70514603616134
HOTAIR,CRW2_23S_B_263_nH.db,-77.04974271012007
HOTAIR,CRW2_23S_B_264_nH.db,-68.23327615780445
HOTAIR,CRW2_23S_B_265_nH.db,-73.44768439108061
HOTAIR,CRW2_23S_B_272_nH.db,-73.37907375643225
HOTAIR,CRW2_23S_B_273_nH.db,-68.47341337907376
HOTAIR,CRW2_23S_B_274_nH.db,-76.87821612349914
HOTAIR,CRW2_23S_B_275_nH.db,-69.65784377017431
HOTAIR,CRW2_23S_B_276_nH.db,-74.20916720464815
HOTAIR,CRW2_23S_B_277_nH.db,-77.75984506132988
HOTAIR,CRW2_23S_B_69_nH.db,-68.83116883116882
HOTAIR,CRW2_23S_B_74_nH.db,-67.62664816099931
HOTAIR,CRW2_23S_B_75_nH.db,-76.57876474670368
HOTAIR,CRW2_23S_B_76_nH.db,-72.58848022206801
HOTAIR,CRW2_23S_B_77_nH.db,-72.51217814892136
HOTAIR,CRW2_23S_B_78_nH.db,-76.47877522616562
HOTAIR,CRW2_23S_B_79_nH.db,-67.5365344467641
HOTAIR,CRW2_23S_B_92_nH.db,-67.98215511324639
HOTAIR,CRW2_23S_B_93_nH.db,-76.80164722031572
HOTAIR,CRW2_23S_B_94_nH.db,-72.78654770075498
HOTAIR,CRW2_23S_B_96_nH.db,-68.69415807560138
HOTAIR,CRW2_23S_B_98_nH.db,-68.3011049723757
HOTAIR,CRW2_23S_E_278_nH.db,-72.64927934111188
HOTAIR,CRW2_23S_E_279_nH.db,-76.97323266986959
HOTAIR,CRW2_23S_E_282_nH.db,-72.73351648351648
HOTAIR,CRW2_23S_E_283_nH.db,-77.13697219361482
HOTAIR,CRW2_23S_E_284_nH.db,-78.79638291237917
HOTAIR,CRW2_23S_E_285_nH.db,-78.93258426966293
HOTAIR,CRW2_23S_E_286_nH.db,-75.09363295880149
HOTAIR,CRW2_23S_E_287_nH.db,-73.34024896265561
HOTAIR,CRW2_23S_E_288_nH.db,-76.86721991701245
HOTAIR,CRW2_23S_E_289_nH.db,-73.53646011639849
HOTAIR,CRW2_23S_E_290_nH.db,-76.99418007531668
HOTAIR,CRW2_23S_E_291_nH.db,-73.24380165289256
HOTAIR,CRW2_23S_E_292_nH.db,-76.72176308539945
HOTAIR,CRW2_23S_E_293_nH.db,-73.50515463917526
HOTAIR,CRW2_23S_E_294_nH.db,-74.41637352094659
HOTAIR,CRW2_23S_E_295_nH.db,-76.87285223367698
HOTAIR,CRW2_23S_E_296_nH.db,-78.41381515829869
HOTAIR,CRW2_23S_E_297_nH.db,-77.20836142953473
HOTAIR,CRW2_23S_E_298_nH.db,-73.76938637896157
HOTAIR,CRW2_23S_E_299_nH.db,-76.71610900310452
HOTAIR,CRW2_23S_E_300_nH.db,-73.16315971024491
HOTAIR,CRW2_23S_E_301_nH.db,-73.55258650222679
HOTAIR,CRW2_23S_E_302_nH.db,-76.94415895854745
HOTAIR,CRW2_23S_E_303_nH.db,-75.07856693903206
HOTAIR,CRW2_23S_E_304_nH.db,-78.75549968573225
HOTAIR,CRW2_23S_E_306_nH.db,-73.95270270270271
HOTAIR,CRW2_23S_E_307_nH.db,-77.69307258866424
HOTAIR,CRW2_23S_E_308_nH.db,-74.34537620152469
HOTAIR,CRW2_23S_E_312_nH.db,-74.96807151979566
HOTAIR,CRW2_23S_E_313_nH.db,-78.44827586206897
HOTAIR,CRW2_23S_E_314_nH.db,-73.70558375634518
HOTAIR,CRW2_23S_E_315_nH.db,-77.22504230118443
HOTAIR,CRW2_23S_E_321_nH.db,-77.13204951856946
HOTAIR,CRW2_23S_E_322_nH.db,-72.66162310866575
HOTAIR,CRW2_23S_E_323_nH.db,-76.93891557995882
HOTAIR,CRW2_23S_E_324_nH.db,-73.16403568977351
HOTAIR,CRW2_23S_E_325_nH.db,-77.03398558187436
HOTAIR,CRW2_23S_E_326_nH.db,-72.88019224167525
HOTAIR,CRW2_23S_E_327_nH.db,-77.4756629741524
HOTAIR,CRW2_23S_E_328_nH.db,-73.24605572339712
HOTAIR,CRW2_23S_E_329_nH.db,-73.64074328974536
HOTAIR,CRW2_23S_E_330_nH.db,-76.668960770819
HOTAIR,CRW2_23S_E_334_nH.db,-76.81109185441942
HOTAIR,CRW2_23S_E_335_nH.db,-73.51819757365685
HOTAIR,CRW2_23S_E_336_nH.db,-76.96263284196093
HOTAIR,CRW2_23S_E_337_nH.db,-73.05450805622215
HOTAIR,CRW2_23S_E_342_nH.db,-77.89655172413794
HOTAIR,CRW2_23S_E_343_nH.db,-75.95722662987237
HOTAIR,CRW2_23S_E_346_nH.db,-83.24730173627405
HOTAIR,CRW2_23S_E_347_nH.db,-79.72782731112154
HOTAIR,CRW2_23S_E_348_nH.db,-76.49053404916643
HOTAIR,CRW2_23S_E_349_nH.db,-72.61938400678157
HOTAIR,CRW2_23S_E_350_nH.db,-79.48573043232551
HOTAIR,CRW2_23S_E_351_nH.db,-80.27963879988349
HOTAIR,CRW2_23S_E_352_nH.db,-76.31808913486746
HOTAIR,CRW2_23S_E_353_nH.db,-76.55367231638418
HOTAIR,CRW2_23S_E_354_nH.db,-79.68926553672317
HOTAIR,CRW2_23S_E_355_nH.db,-80.07401081696555
HOTAIR,CRW2_23S_E_356_nH.db,-76.2596071733561
HOTAIR,CRW2_23S_E_357_nH.db,-73.32058984161661
HOTAIR,CRW2_23S_E_358_nH.db,-77.17094483888586
HOTAIR,CRW2_23S_E_359_nH.db,-77.06171490988531
HOTAIR,CRW2_23S_E_360_nH.db,-80.31130529765156
HOTAIR,CRW2_23S_E_361_nH.db,-80.17476788640087
HOTAIR,CRW2_23S_E_362_nH.db,-79.92596810933941
HOTAIR,CRW2_23S_E_363_nH.db,-75.59794988610479
HOTAIR,CRW2_23S_E_364_nH.db,-80.10792249202845
HOTAIR,CRW2_23S_E_365_nH.db,-81.91176470588235
HOTAIR,CRW2_23S_E_366_nH.db,-78.16956183562354
HOTAIR,CRW2_23S_E_367_nH.db,-80.55483536427275
HOTAIR,CRW2_23S_E_368_nH.db,-79.43743937924346
HOTAIR,CRW2_23S_E_370_nH.db,-82.63400436575309
HOTAIR,CRW2_23S_E_371_nH.db,-65.43887147335423
HOTAIR,CRW2_23S_E_372_nH.db,-72.45297805642633
HOTAIR,CRW2_23S_E_373_nH.db,-74.80407523510972
HOTAIR,CRW2_23S_E_374_nH.db,-80.94768015794669
HOTAIR,CRW2_23S_E_375_nH.db,-79.31885488647582
HOTAIR,CRW2_23S_E_376_nH.db,-79.06913445835602
HOTAIR,CRW2_23S_E_377_nH.db,-81.49156232988568
HOTAIR,CRW2_23S_E_378_nH.db,-76.38261851015801
HOTAIR,CRW2_23S_E_379_nH.db,-80.13544018058691
HOTAIR,CRW2_23S_E_380_nH.db,-79.8079638520192
HOTAIR,CRW2_23S_E_381_nH.db,-76.30612821236939
HOTAIR,CRW2_23S_E_382_nH.db,-72.36376503892427
HOTAIR,CRW2_23S_E_383_nH.db,-77.24699221514508
HOTAIR,CRW2_23S_E_387_nH.db,-76.44966204197794
HOTAIR,CRW2_23S_E_388_nH.db,-72.10956954820348
HOTAIR,CRW2_23S_E_389_nH.db,-74.12903225806451
HOTAIR,CRW2_23S_E_390_nH.db,-78.09677419354838
HOTAIR,CRW2_23S_E_391_nH.db,-80.4891158290782
HOTAIR,CRW2_23S_E_392_nH.db,-77.58667024993281
HOTAIR,CRW2_23S_E_393_nH.db,-83.71913580246914
HOTAIR,CRW2_23S_E_394_nH.db,-81.21141975308642
HOTAIR,CRW2_23S_E_395_nH.db,-85.99537037037037
HOTAIR,CRW2_23S_E_396_nH.db,-76.41242937853107
HOTAIR,CRW2_23S_E_397_nH.db,-79.49152542372882
HOTAIR,CRW2_23S_E_398_nH.db,-82.56315465187923
HOTAIR,CRW2_23S_E_399_nH.db,-84.80180735263914
HOTAIR,CRW2_23S_E_400_nH.db,-77.67980159823642
HOTAIR,CRW2_23S_E_401_nH.db,-73.90465693028382
HOTAIR,CRW2_23S_E_402_nH.db,-80.95894185726095
HOTAIR,CRW2_23S_E_403_nH.db,-75.69146864043631
HOTAIR,CRW2_23S_E_404_nH.db,-73.54888975457733
HOTAIR,CRW2_23S_E_405_nH.db,-67.47175691468641
HOTAIR,CRW2_23S_E_406_nH.db,-75.34246575342466
HOTAIR,CRW2_23S_E_407_nH.db,-73.22896281800391
HOTAIR,CRW2_23S_E_408_nH.db,-67.00587084148728
HOTAIR,CRW2_23S_E_409_nH.db,-66.81017612524462
HOTAIR,CRW2_23S_E_410_nH.db,-75.89041095890411
HOTAIR,CRW2_23S_E_411_nH.db,-72.95499021526419
HOTAIR,CRW2_23S_E_412_nH.db,-67.07509881422925
HOTAIR,CRW2_23S_E_413_nH.db,-73.20158102766798
HOTAIR,CRW2_23S_E_414_nH.db,-75.45454545454545
HOTAIR,CRW2_23S_E_415_nH.db,-80.33195020746888
HOTAIR,CRW2_23S_E_416_nH.db,-77.28907330567081
HOTAIR,CRW2_23S_E_417_nH.db,-79.52555775204745
HOTAIR,CRW2_23S_E_418_nH.db,-76.58853431234115
HOTAIR,CRW2_23S_E_419_nH.db,-72.52188647274781
HOTAIR,CRW2_23S_E_420_nH.db,-76.24892948900943
HOTAIR,CRW2_23S_E_421_nH.db,-80.04567513559806
HOTAIR,CRW2_23S_E_430_nH.db,-78.39378238341969
HOTAIR,CRW2_23S_E_431_nH.db,-81.11398963730569
HOTAIR,CRW2_23S_E_432_nH.db,-77.2599663110612
HOTAIR,CRW2_23S_E_433_nH.db,-80.235822571589
HOTAIR,CRW2_23S_E_434_nH.db,-80.59852903880294
HOTAIR,CRW2_23S_E_435_nH.db,-78.03702764392594
HOTAIR,CRW2_23S_E_436_nH.db,-82.3065549531789
HOTAIR,CRW2_23S_E_440_nH.db,-83.55545516150892
HOTAIR,CRW2_23S_E_445_nH.db,-85.81832895003035
HOTAIR,CRW2_23S_E_446_nH.db,-84.26057050374267
HOTAIR,CRW2_23S_E_447_nH.db,-76.42093415869442
HOTAIR,CRW2_23S_E_448_nH.db,-79.7129994372538
HOTAIR,CRW2_23S_E_453_nH.db,-76.83063163778647
HOTAIR,CRW2_23S_E_454_nH.db,-80.58438012015293
HOTAIR,CRW2_23S_E_455_nH.db,-77.21933897842119
HOTAIR,CRW2_23S_E_456_nH.db,-80.80974325213957
HOTAIR,CRW2_23S_E_457_nH.db,-74.16063199473338
HOTAIR,CRW2_23S_E_458_nH.db,-80.58739255014326
HOTAIR,CRW2_23S_E_459_nH.db,-82.378223495702
HOTAIR,CRW2_23S_E_460_nH.db,-80.479735318445
HOTAIR,CRW2_23S_E_461_nH.db,-73.64212848083815
HOTAIR,CRW2_23S_E_462_nH.db,-77.00578990901572
HOTAIR,CRW2_23S_E_464_nH.db,-77.60431450468351
HOTAIR,CRW2_23S_E_465_nH.db,-72.63638960297058
HOTAIR,CRW2_23S_E_466_nH.db,-76.37817766352471
HOTAIR,CRW2_23S_E_467_nH.db,-72.63638960297058
HOTAIR,CRW2_23S_E_470_nH.db,-68.04642166344294
HOTAIR,CRW2_23S_E_471_nH.db,-73.9651837524178
HOTAIR,CRW2_23S_E_472_nH.db,-75.78336557059961
HOTAIR,CRW2_23S_E_473_nH.db,-80.34168031827755
HOTAIR,CRW2_23S_E_474_nH.db,-83.38403931663936
HOTAIR,CRW2_23S_E_475_nH.db,-81.01983002832861
HOTAIR,CRW2_23S_E_476_nH.db,-77.87535410764872
HOTAIR,CRW2_23S_E_477_nH.db,-63.29588014981273
HOTAIR,CRW2_23S_E_478_nH.db,-66.44194756554307
HOTAIR,CRW2_23S_E_479_nH.db,-63.31849968213604
HOTAIR,CRW2_23S_E_480_nH.db,-64.14494596312778
HOTAIR,CRW2_23S_E_482_nH.db,-57.7028258887876
HOTAIR,CRW2_23S_E_484_nH.db,-73.70356748804707
HOTAIR,CRW2_23S_E_485_nH.db,-76.05737403457154
HOTAIR,CRW2_23S_E_486_nH.db,-78.8741302972802
HOTAIR,CRW2_23S_E_487_nH.db,-66.98250728862973
HOTAIR,CRW2_23S_E_488_nH.db,-77.51423149905123
HOTAIR,CRW2_23S_E_489_nH.db,-64.57725947521865
HOTAIR,CRW2_23S_E_490_nH.db,-57.25321888412017
HOTAIR,CRW2_23S_E_493_nH.db,-56.5625
HOTAIR,CRW2_23S_E_494_nH.db,-55.208333333333336
HOTAIR,CRW2_23S_E_495_nH.db,-57.50658472344161
HOTAIR,CRW2_23S_E_496_nH.db,-53.203342618384404
HOTAIR,CRW2_23S_E_497_nH.db,-49.9535747446611
HOTAIR,CRW2_23S_E_498_nH.db,-64.0
HOTAIR,CRW2_23S_E_499_nH.db,-64.12698412698413
HOTAIR,CRW2_23S_E_500_nH.db,-64.02786573780874
HOTAIR,CRW2_23S_E_501_nH.db,-64.09119696010133
HOTAIR,CRW2_23S_E_502_nH.db,-56.23812539582014
HOTAIR,CRW2_23S_E_503_nH.db,-76.38404955478126
HOTAIR,CRW2_23S_E_504_nH.db,-74.0224545102594
HOTAIR,CRW2_23S_E_505_nH.db,-51.62644281217209
HOTAIR,CRW2_23S_E_506_nH.db,-54.45960125918153
HOTAIR,CRW2_23S_E_507_nH.db,-56.13850996852046
HOTAIR,CRW2_23S_E_508_nH.db,-66.99738903394255
HOTAIR,CRW2_23S_E_509_nH.db,-60.26109660574413
HOTAIR,CRW2_23S_E_510_nH.db,-70.28720626631853
HOTAIR,CRW2_23S_E_511_nH.db,-59.772129710780014
HOTAIR,CRW2_23S_E_512_nH.db,-63.97896581945662
HOTAIR,CRW2_23S_E_513_nH.db,-60.4261796042618
HOTAIR,CRW2_23S_E_515_nH.db,-65.64885496183206
HOTAIR,CRW2_23S_E_516_nH.db,-64.18575063613231
HOTAIR,CRW2_23S_E_517_nH.db,-60.36446469248292
HOTAIR,CRW2_23S_E_518_nH.db,-53.3788914198937
HOTAIR,CRW2_23S_E_522_nH.db,-61.045655375552286
HOTAIR,CRW2_23S_E_523_nH.db,-65.83333333333333
HOTAIR,CRW2_23S_E_524_nH.db,-65.5952380952381
HOTAIR,CRW2_23S_E_525_nH.db,-59.01234567901235
HOTAIR,CRW2_23S_E_526_nH.db,-59.6085409252669
HOTAIR,CRW2_23S_E_527_nH.db,-63.07829181494662
HOTAIR,CRW2_23S_E_528_nH.db,-73.50144687887557
HOTAIR,CRW2_23S_E_529_nH.db,-74.16287722199256
HOTAIR,CRW2_23S_E_530_nH.db,-73.25086973328179
HOTAIR,CRW2_23S_E_531_nH.db,-75.49284885968304
HOTAIR,CRW2_23S_E_532_nH.db,-63.80407124681934
HOTAIR,CRW2_23S_E_533_nH.db,-65.39440203562341
HOTAIR,CRW2_23S_E_535_nH.db,-69.3069306930693
HOTAIR,CRW2_23S_E_536_nH.db,-77.01949860724234
HOTAIR,CRW2_23S_E_537_nH.db,-75.73119777158774
HOTAIR,CRW2_23S_E_541_nH.db,-63.9344262295082
HOTAIR,CRW2_23S_E_542_nH.db,-64.56494325346785
HOTAIR,CRW2_23S_E_543_nH.db,-64.20382165605096
HOTAIR,CRW2_23S_E_544_nH.db,-64.90445859872611
HOTAIR,CRW2_23S_E_545_nH.db,-66.289592760181
HOTAIR,CRW2_23S_E_546_nH.db,-63.4238310708899
HOTAIR,CRW2_23S_E_547_nH.db,-64.6426312460468
HOTAIR,CRW2_23S_E_548_nH.db,-64.0101201771031
HOTAIR,CRW2_23S_E_551_nH.db,-57.73480662983425
HOTAIR,CRW2_23S_E_552_nH.db,-78.29158638407193
HOTAIR,CRW2_23S_E_553_nH.db,-78.40616966580977
HOTAIR,CRW2_23S_E_554_nH.db,-64.77483035163479
HOTAIR,CRW2_23S_E_555_nH.db,-64.9599012954966
HOTAIR,CRW2_23S_E_556_nH.db,-64.32673899170389
HOTAIR,CRW2_23S_E_557_nH.db,-65.34779834077855
HOTAIR,CRW2_23S_E_558_nH.db,-63.67137355584082
HOTAIR,CRW2_23S_E_559_nH.db,-63.7997432605905
HOTAIR,CRW2_23S_E_561_nH.db,-63.350449293966626
HOTAIR,CRW2_23S_E_562_nH.db,-64.03903903903904
HOTAIR,CRW2_23S_E_565_nH.db,-63.76594148537134
HOTAIR,CRW2_23S_E_566_nH.db,-61.59039759939985
HOTAIR,CRW2_23S_E_567_nH.db,-57.614403600900225
HOTAIR,CRW2_23S_E_568_nH.db,-63.62252663622527
HOTAIR,CRW2_23S_E_569_nH.db,-61.796042617960424
HOTAIR,CRW2_23S_E_570_nH.db,-64.27962489343564
HOTAIR,CRW2_23S_E_571_nH.db,-61.210571184995736
HOTAIR,CRW2_23S_E_572_nH.db,-59.59079283887468
HOTAIR,CRW2_23S_E_573_nH.db,-53.94839718530102
HOTAIR,CRW2_23S_E_574_nH.db,-60.35965598123534
HOTAIR,CRW2_23S_E_575_nH.db,-58.3268178264269
HOTAIR,CRW2_23S_E_576_nH.db,-61.015490533562826
HOTAIR,CRW2_23S_E_577_nH.db,-64.11359724612737
HOTAIR,CRW2_23S_E_580_nH.db,-60.69131832797428
HOTAIR,CRW2_23S_E_581_nH.db,-100.0
HOTAIR,CRW2_23S_E_582_nH.db,-68.91534391534391
HOTAIR,CRW2_23S_E_583_nH.db,-64.60176991150442
HOTAIR,CRW2_23S_E_584_nH.db,-64.66498103666245
HOTAIR,CRW2_23S_E_585_nH.db,-73.09753483386923
HOTAIR,CRW2_23S_E_586_nH.db,-76.5987852804573
HOTAIR,CRW2_23S_E_587_nH.db,-63.01020408163265
HOTAIR,CRW2_23S_E_590_nH.db,-79.36507936507937
HOTAIR,CRW2_23S_E_591_nH.db,-80.4040404040404
HOTAIR,CRW2_23S_E_592_nH.db,-79.82726711906231
HOTAIR,CRW2_23S_E_593_nH.db,-76.61937075879086
HOTAIR,CRW2_23S_E_594_nH.db,-73.63952142030104
HOTAIR,CRW2_23S_E_595_nH.db,-75.68506368197608
HOTAIR,CRW2_23S_E_596_nH.db,-63.88002552648373
HOTAIR,CRW2_23S_E_597_nH.db,-64.7096362476069
HOTAIR,CRW2_23S_E_598_nH.db,-81.26514131897711
HOTAIR,CRW2_23S_E_599_nH.db,-80.91520861372813
HOTAIR,CRW2_23S_E_600_nH.db,-79.57860615883307
HOTAIR,CRW2_23S_E_601_nH.db,-79.51377633711508
HOTAIR,CRW2_23S_E_602_nH.db,-80.41569086651054
HOTAIR,CRW2_23S_E_603_nH.db,-79.77166276346604
HOTAIR,CRW2_23S_E_604_nH.db,-73.26401782398811
HOTAIR,CRW2_23S_E_605_nH.db,-76.16041589305607
HOTAIR,CRW2_23S_E_606_nH.db,-64.08768536428111
HOTAIR,CRW2_23S_E_607_nH.db,-64.53900709219859
HOTAIR,CRW2_23S_E_609_nH.db,-61.91474493361286
HOTAIR,CRW2_23S_E_612_nH.db,-62.23674655047204
HOTAIR,CRW2_23S_E_617_nH.db,-76.15793470007593
HOTAIR,CRW2_23S_E_618_nH.db,-74.79119210326499
HOTAIR,CRW2_23S_E_619_nH.db,-75.25096525096525
HOTAIR,CRW2_23S_E_620_nH.db,-73.35907335907336
HOTAIR,CRW2_23S_E_621_nH.db,-66.00257069408741
HOTAIR,CRW2_23S_E_622_nH.db,-69.08740359897172
HOTAIR,CRW2_23S_E_623_nH.db,-74.1822429906542
HOTAIR,CRW2_23S_E_624_nH.db,-75.50623052959502
HOTAIR,CRW2_23S_E_625_nH.db,-63.60718870346598
HOTAIR,CRW2_23S_E_626_nH.db,-63.67137355584082
HOTAIR,CRW2_23S_E_627_nH.db,-64.53674121405751
HOTAIR,CRW2_23S_E_628_nH.db,-63.194888178913736
HOTAIR,CRW2_23S_E_629_nH.db,-77.72969374167776
HOTAIR,CRW2_23S_E_630_nH.db,-75.99866844207723
HOTAIR,CRW2_23S_E_631_nH.db,-73.2824427480916
HOTAIR,CRW2_23S_E_632_nH.db,-75.82697201017811
HOTAIR,CRW2_23S_E_633_nH.db,-65.42586750788644
HOTAIR,CRW2_23S_E_634_nH.db,-64.60567823343848
HOTAIR,CRW2_23S_E_635_nH.db,-65.36241180243746
HOTAIR,CRW2_23S_E_636_nH.db,-76.34247089748403
HOTAIR,CRW2_23S_E_637_nH.db,-64.4002565747274
HOTAIR,CRW2_23S_E_638_nH.db,-74.72775065715359
HOTAIR,CRW2_23S_E_639_nH.db,-77.26008344923505
HOTAIR,CRW2_23S_E_640_nH.db,-74.82614742698192
HOTAIR,CRW2_23S_E_641_nH.db,-75.77146348915367
HOTAIR,CRW2_23S_E_642_nH.db,-80.35441490986862
HOTAIR,CRW2_23S_E_643_nH.db,-80.78215704246868
HOTAIR,CRW2_23S_E_644_nH.db,-75.6900212314225
HOTAIR,CRW2_23S_E_645_nH.db,-76.85774946921444
HOTAIR,CRW2_23S_E_646_nH.db,-63.60655737704918
HOTAIR,CRW2_23S_E_647_nH.db,-64.85245901639344
HOTAIR,CRW2_23S_E_651_nH.db,-63.230466185160864
HOTAIR,CRW2_23S_E_652_nH.db,-62.311227839789886
HOTAIR,CRW2_23S_E_653_nH.db,-78.28093452552639
HOTAIR,CRW2_23S_E_654_nH.db,-81.25180271127776
HOTAIR,CRW2_23S_E_655_nH.db,-63.888888888888886
HOTAIR,CRW2_23S_E_656_nH.db,-60.85069444444444
HOTAIR,CRW2_23S_E_657_nH.db,-64.44444444444444
HOTAIR,CRW2_23S_E_658_nH.db,-65.2063492063492
HOTAIR,CRW2_23S_E_659_nH.db,-75.33718689788054
HOTAIR,CRW2_23S_E_660_nH.db,-75.79961464354528
HOTAIR,CRW2_23S_E_661_nH.db,-75.99229287090559
HOTAIR,CRW2_23S_E_662_nH.db,-75.3757225433526
HOTAIR,CRW2_23S_E_663_nH.db,-64.45121951219512
HOTAIR,CRW2_23S_E_664_nH.db,-64.8780487804878
HOTAIR,CRW2_23S_E_665_nH.db,-56.52439024390244
HOTAIR,CRW2_GIII_B_18_nH.db,-77.7821470703893
HOTAIR,CRW2_GIII_B_1_nH.db,-72.25871652349672
HOTAIR,CRW2_GIII_B_2_nH.db,-78.76923076923077
HOTAIR,CRW2_GIII_B_3_nH.db,-70.53571428571429
HOTAIR,CRW2_GIII_E_10_nH.db,-45.371775417298934
HOTAIR,CRW2_GIII_E_11_nH.db,-79.16825639069057
HOTAIR,CRW2_GIII_E_12_nH.db,-67.07317073170732
HOTAIR,CRW2_GIII_E_13_nH.db,-80.13924514474166
HOTAIR,CRW2_GIII_E_14_nH.db,-63.46153846153846
HOTAIR,CRW2_GIII_E_16_nH.db,-50.87719298245614
HOTAIR,CRW2_GIII_E_17_nH.db,-52.07328833172613
HOTAIR,CRW2_GIII_E_19_nH.db,-56.99570815450644
HOTAIR,CRW2_GIII_E_20_nH.db,-40.804597701149426
HOTAIR,CRW2_GIII_E_21_nH.db,-42.077922077922075
HOTAIR,CRW2_GIII_E_22_nH.db,-44.53227931488801
HOTAIR,CRW2_GIII_E_23_nH.db,-39.735099337748345
HOTAIR,CRW2_GIII_E_24_nH.db,-52.62626262626262
HOTAIR,CRW2_GIII_E_25_nH.db,-41.94915254237288
HOTAIR,CRW2_GIII_E_26_nH.db,-74.50236966824644
HOTAIR,CRW2_GIII_E_27_nH.db,-70.22078621432418
HOTAIR,CRW2_GIII_E_28_nH.db,-45.904761904761905
HOTAIR,CRW2_GIII_E_29_nH.db,-77.44543249797898
HOTAIR,CRW2_GIII_E_30_nH.db,-55.033557046979865
HOTAIR,CRW2_GIII_E_31_nH.db,-45.656565656565654
HOTAIR,CRW2_GIII_E_32_nH.db,-76.84426229508196
HOTAIR,CRW2_GIII_E_33_nH.db,-48.38383838383838
HOTAIR,CRW2_GIII_E_35_nH.db,-29.92
HOTAIR,CRW2_GIII_E_4_nH.db,-46.92307692307692
HOTAIR,CRW2_GIII_E_5_nH.db,-46.2787550744249
HOTAIR,CRW2_GIII_E_6_nH.db,-47.011308562197094
HOTAIR,CRW2_GIII_E_7_nH.db,-48.422330097087375
HOTAIR,CRW2_GIII_E_8_nH.db,-44.4300518134715
HOTAIR,CRW2_GIII_E_9_nH.db,-79.76236105787657
HOTAIR,SRPdb_SRP_131_nH.db,-40.78947368421053
HOTAIR,SRPdb_SRP_233_nH.db,-39.097744360902254
HOTAIR,SRPdb_SRP_244_nH.db,-40.6015037593985
HOTAIR,SRPdb_SRP_41_nH.db,-40.41353383458647
HOTAIR,SRPdb_SRP_517_nH.db,-38.53383458646616
HOTAIR,SRPdb_SRP_674_nH.db,-39.097744360902254
HOTAIR,SRPdb_SRP_701_nH.db,-38.53383458646616
HOTAIR,SRPdb_SRP_714_nH.db,-39.097744360902254
HOTAIR,SRPdb_SRP_78_nH.db,-41.35338345864662
HOTAIR,SRPdb_SRP_821_nH.db,-40.78947368421053
HOTAIR,SRPdb_SRP_873_nH.db,-35.0844277673546
HOTAIR,SRPdb_SRP_95_nH.db,-39.21200750469043
HOTAIR,tmRNAdb_tmRNA_194_nH.db,-91.9753086419753
HOTAIR,tmRNAdb_tmRNA_254_nH.db,-96.00903614457832
HOTAIR,tmRNAdb_tmRNA_25_nH.db,-96.84447783621337
HOTAIR,tmRNAdb_tmRNA_594_nH.db,-94.96619083395943
HOTAIR,tmRNAdb_tmRNA_691_nH.db,-96.91960931630354
