Molecola1,Molecola2, EditDistance
HOTAIR,CRW2_16S_E_698_nH.db,20.658135283363798
HOTAIR,CRW2_16S_E_708_nH.db,23.432835820895527
HOTAIR,CRW2_16S_E_775_nH.db,22.705314009661837
HOTAIR,CRW2_23S_A_17_nH.db,11.342671677485484
HOTAIR,CRW2_23S_A_18_nH.db,13.736263736263732
HOTAIR,CRW2_23S_A_19_nH.db,16.10576923076923
HOTAIR,CRW2_23S_A_1_nH.db,11.183088987384926
HOTAIR,CRW2_23S_A_20_nH.db,13.665869490946358
HOTAIR,CRW2_23S_A_21_nH.db,15.818243935770415
HOTAIR,CRW2_23S_A_22_nH.db,13.539518900343639
HOTAIR,CRW2_23S_A_23_nH.db,11.5728021978022
HOTAIR,CRW2_23S_A_24_nH.db,16.082474226804123
HOTAIR,CRW2_23S_A_25_nH.db,11.202749140893475
HOTAIR,CRW2_23S_A_29_nH.db,13.116926134481622
HOTAIR,CRW2_23S_A_30_nH.db,10.765154024511425
HOTAIR,CRW2_23S_A_31_nH.db,15.303080490228549
HOTAIR,CRW2_23S_A_32_nH.db,11.156186612576068
HOTAIR,CRW2_23S_A_33_nH.db,15.753887762001352
HOTAIR,CRW2_23S_A_34_nH.db,10.939553219448095
HOTAIR,CRW2_23S_A_35_nH.db,13.218390804597702
HOTAIR,CRW2_23S_A_37_nH.db,15.955983493810177
HOTAIR,CRW2_23S_A_39_nH.db,13.445667125171934
HOTAIR,CRW2_23S_A_3_nH.db,9.164639091646388
HOTAIR,CRW2_23S_A_40_nH.db,11.382393397524071
HOTAIR,CRW2_23S_A_41_nH.db,12.94156487289535
HOTAIR,CRW2_23S_A_42_nH.db,10.861670518322875
HOTAIR,CRW2_23S_A_44_nH.db,10.785272075594655
HOTAIR,CRW2_23S_A_47_nH.db,10.755526228967337
HOTAIR,CRW2_23S_A_48_nH.db,12.966017815902342
HOTAIR,CRW2_23S_A_4_nH.db,10.678561773452289
HOTAIR,CRW2_23S_A_5_nH.db,11.359724612736667
HOTAIR,CRW2_23S_A_6_nH.db,13.528399311531846
HOTAIR,CRW2_23S_A_7_nH.db,15.903614457831328
HOTAIR,CRW2_23S_B_101_nH.db,15.601374570446735
HOTAIR,CRW2_23S_B_105_nH.db,15.63573883161512
HOTAIR,CRW2_23S_B_109_nH.db,12.953876349362115
HOTAIR,CRW2_23S_B_110_nH.db,15.276414785737646
HOTAIR,CRW2_23S_B_111_nH.db,10.762185148838732
HOTAIR,CRW2_23S_B_115_nH.db,15.823873409012723
HOTAIR,CRW2_23S_B_118_nH.db,13.462202278218848
HOTAIR,CRW2_23S_B_119_nH.db,10.976872626855371
HOTAIR,CRW2_23S_B_120_nH.db,15.74042112530204
HOTAIR,CRW2_23S_B_121_nH.db,15.442176870748304
HOTAIR,CRW2_23S_B_122_nH.db,12.89115646258503
HOTAIR,CRW2_23S_B_127_nH.db,11.190476190476195
HOTAIR,CRW2_23S_B_128_nH.db,13.095238095238093
HOTAIR,CRW2_23S_B_129_nH.db,15.544217687074834
HOTAIR,CRW2_23S_B_133_nH.db,15.972222222222221
HOTAIR,CRW2_23S_B_148_nH.db,13.509749303621167
HOTAIR,CRW2_23S_B_149_nH.db,11.350974930362112
HOTAIR,CRW2_23S_B_150_nH.db,16.016713091922007
HOTAIR,CRW2_23S_B_151_nH.db,15.262988060664728
HOTAIR,CRW2_23S_B_152_nH.db,10.84220716360116
HOTAIR,CRW2_23S_B_153_nH.db,12.87512100677638
HOTAIR,CRW2_23S_B_154_nH.db,11.338797814207647
HOTAIR,CRW2_23S_B_155_nH.db,15.812841530054644
HOTAIR,CRW2_23S_B_156_nH.db,10.929690103298906
HOTAIR,CRW2_23S_B_157_nH.db,13.285519125683065
HOTAIR,CRW2_23S_B_158_nH.db,13.195601466177942
HOTAIR,CRW2_23S_B_159_nH.db,15.594801732755748
HOTAIR,CRW2_23S_B_163_nH.db,11.219676549865232
HOTAIR,CRW2_23S_B_164_nH.db,15.768194070080865
HOTAIR,CRW2_23S_B_165_nH.db,13.07277628032345
HOTAIR,CRW2_23S_B_187_nH.db,10.73030108904548
HOTAIR,CRW2_23S_B_188_nH.db,15.118513773222297
HOTAIR,CRW2_23S_B_189_nH.db,12.844330557335038
HOTAIR,CRW2_23S_B_193_nH.db,15.470383275261323
HOTAIR,CRW2_23S_B_194_nH.db,13.310104529616728
HOTAIR,CRW2_23S_B_195_nH.db,10.871080139372824
HOTAIR,CRW2_23S_B_199_nH.db,10.548119821542379
HOTAIR,CRW2_23S_B_200_nH.db,13.001912045889096
HOTAIR,CRW2_23S_B_201_nH.db,15.07329509241555
HOTAIR,CRW2_23S_B_208_nH.db,11.323869263783426
HOTAIR,CRW2_23S_B_209_nH.db,13.007593265103989
HOTAIR,CRW2_23S_B_210_nH.db,15.351601188511054
HOTAIR,CRW2_23S_B_238_nH.db,11.446409989594175
HOTAIR,CRW2_23S_B_239_nH.db,16.059660076309402
HOTAIR,CRW2_23S_B_240_nH.db,13.735691987513011
HOTAIR,CRW2_23S_B_241_nH.db,15.096153846153848
HOTAIR,CRW2_23S_B_242_nH.db,10.86538461538461
HOTAIR,CRW2_23S_B_243_nH.db,12.948717948717947
HOTAIR,CRW2_23S_B_250_nH.db,10.961538461538467
HOTAIR,CRW2_23S_B_251_nH.db,13.044871794871792
HOTAIR,CRW2_23S_B_252_nH.db,15.12820512820513
HOTAIR,CRW2_23S_B_253_nH.db,15.868161739721376
HOTAIR,CRW2_23S_B_254_nH.db,13.183826027862722
HOTAIR,CRW2_23S_B_255_nH.db,11.247026843357123
HOTAIR,CRW2_23S_B_260_nH.db,16.342141863699577
HOTAIR,CRW2_23S_B_261_nH.db,11.54381084840056
HOTAIR,CRW2_23S_B_262_nH.db,13.45618915159944
HOTAIR,CRW2_23S_B_263_nH.db,11.35506003430532
HOTAIR,CRW2_23S_B_264_nH.db,15.814751286449402
HOTAIR,CRW2_23S_B_265_nH.db,13.104631217838769
HOTAIR,CRW2_23S_B_272_nH.db,13.207547169811317
HOTAIR,CRW2_23S_B_273_nH.db,15.677530017152662
HOTAIR,CRW2_23S_B_274_nH.db,11.35506003430532
HOTAIR,CRW2_23S_B_275_nH.db,15.07424144609425
HOTAIR,CRW2_23S_B_276_nH.db,12.814719173660427
HOTAIR,CRW2_23S_B_277_nH.db,10.910264686894767
HOTAIR,CRW2_23S_B_69_nH.db,15.516062884483938
HOTAIR,CRW2_23S_B_74_nH.db,16.169326856349752
HOTAIR,CRW2_23S_B_75_nH.db,11.55447605829285
HOTAIR,CRW2_23S_B_76_nH.db,13.636363636363635
HOTAIR,CRW2_23S_B_77_nH.db,13.604732080723725
HOTAIR,CRW2_23S_B_78_nH.db,11.5866388308977
HOTAIR,CRW2_23S_B_79_nH.db,16.179540709812112
HOTAIR,CRW2_23S_B_92_nH.db,15.991763898421418
HOTAIR,CRW2_23S_B_93_nH.db,11.427590940288269
HOTAIR,CRW2_23S_B_94_nH.db,13.452299245024024
HOTAIR,CRW2_23S_B_96_nH.db,15.601374570446735
HOTAIR,CRW2_23S_B_98_nH.db,15.780386740331487
HOTAIR,CRW2_23S_E_278_nH.db,13.486616334934798
HOTAIR,CRW2_23S_E_279_nH.db,11.290322580645162
HOTAIR,CRW2_23S_E_282_nH.db,13.495879120879117
HOTAIR,CRW2_23S_E_283_nH.db,11.25986955029179
HOTAIR,CRW2_23S_E_284_nH.db,10.50826317430621
HOTAIR,CRW2_23S_E_285_nH.db,10.455680399500622
HOTAIR,CRW2_23S_E_286_nH.db,12.297128589263417
HOTAIR,CRW2_23S_E_287_nH.db,13.139695712309818
HOTAIR,CRW2_23S_E_288_nH.db,11.445366528354084
HOTAIR,CRW2_23S_E_289_nH.db,13.11194796302636
HOTAIR,CRW2_23S_E_290_nH.db,11.400205409106468
HOTAIR,CRW2_23S_E_291_nH.db,13.223140495867769
HOTAIR,CRW2_23S_E_292_nH.db,11.466942148760328
HOTAIR,CRW2_23S_E_293_nH.db,13.058419243986252
HOTAIR,CRW2_23S_E_294_nH.db,12.631915574032615
HOTAIR,CRW2_23S_E_295_nH.db,11.477663230240553
HOTAIR,CRW2_23S_E_296_nH.db,10.713143588103613
HOTAIR,CRW2_23S_E_297_nH.db,11.193526635198925
HOTAIR,CRW2_23S_E_298_nH.db,12.946729602157792
HOTAIR,CRW2_23S_E_299_nH.db,11.555708865125903
HOTAIR,CRW2_23S_E_300_nH.db,13.280441531562603
HOTAIR,CRW2_23S_E_301_nH.db,13.052415210688595
HOTAIR,CRW2_23S_E_302_nH.db,11.408016443987668
HOTAIR,CRW2_23S_E_303_nH.db,12.319296040226268
HOTAIR,CRW2_23S_E_304_nH.db,10.527969830295413
HOTAIR,CRW2_23S_E_306_nH.db,12.871621621621621
HOTAIR,CRW2_23S_E_307_nH.db,11.07059993370898
HOTAIR,CRW2_23S_E_308_nH.db,12.727875372886977
HOTAIR,CRW2_23S_E_312_nH.db,12.356321839080465
HOTAIR,CRW2_23S_E_313_nH.db,10.664112388250324
HOTAIR,CRW2_23S_E_314_nH.db,12.994923857868024
HOTAIR,CRW2_23S_E_315_nH.db,11.26903553299492
HOTAIR,CRW2_23S_E_321_nH.db,11.313617606602477
HOTAIR,CRW2_23S_E_322_nH.db,13.480055020632742
HOTAIR,CRW2_23S_E_323_nH.db,11.290322580645162
HOTAIR,CRW2_23S_E_324_nH.db,13.246396705559372
HOTAIR,CRW2_23S_E_325_nH.db,11.294198420871949
HOTAIR,CRW2_23S_E_326_nH.db,13.388259526261582
HOTAIR,CRW2_23S_E_327_nH.db,11.111111111111116
HOTAIR,CRW2_23S_E_328_nH.db,13.259483048002686
HOTAIR,CRW2_23S_E_329_nH.db,13.041982105987614
HOTAIR,CRW2_23S_E_330_nH.db,11.59669649002064
HOTAIR,CRW2_23S_E_334_nH.db,11.507798960138649
HOTAIR,CRW2_23S_E_335_nH.db,13.136915077989597
HOTAIR,CRW2_23S_E_336_nH.db,11.312992800822762
HOTAIR,CRW2_23S_E_337_nH.db,13.335618786424408
HOTAIR,CRW2_23S_E_342_nH.db,11.03448275862069
HOTAIR,CRW2_23S_E_343_nH.db,11.935150051741983
HOTAIR,CRW2_23S_E_346_nH.db,8.28249648052557
HOTAIR,CRW2_23S_E_347_nH.db,10.018770530267485
HOTAIR,CRW2_23S_E_348_nH.db,11.556936987849674
HOTAIR,CRW2_23S_E_349_nH.db,13.676179711782988
HOTAIR,CRW2_23S_E_350_nH.db,10.059338796270135
HOTAIR,CRW2_23S_E_351_nH.db,9.7582289542674
HOTAIR,CRW2_23S_E_352_nH.db,11.622487620157296
HOTAIR,CRW2_23S_E_353_nH.db,11.497175141242932
HOTAIR,CRW2_23S_E_354_nH.db,10.028248587570621
HOTAIR,CRW2_23S_E_355_nH.db,9.877597495018497
HOTAIR,CRW2_23S_E_356_nH.db,11.72786791915742
HOTAIR,CRW2_23S_E_357_nH.db,13.326051338066636
HOTAIR,CRW2_23S_E_358_nH.db,11.277990169306385
HOTAIR,CRW2_23S_E_359_nH.db,11.414527580557078
HOTAIR,CRW2_23S_E_360_nH.db,9.721463681048604
HOTAIR,CRW2_23S_E_361_nH.db,9.803386127799019
HOTAIR,CRW2_23S_E_362_nH.db,9.937357630979504
HOTAIR,CRW2_23S_E_363_nH.db,12.01594533029613
HOTAIR,CRW2_23S_E_364_nH.db,9.811135638950208
HOTAIR,CRW2_23S_E_365_nH.db,8.897058823529413
HOTAIR,CRW2_23S_E_366_nH.db,10.837438423645319
HOTAIR,CRW2_23S_E_367_nH.db,9.61887477313974
HOTAIR,CRW2_23S_E_368_nH.db,10.184287099903012
HOTAIR,CRW2_23S_E_370_nH.db,8.513218530196454
HOTAIR,CRW2_23S_E_371_nH.db,17.202194357366775
HOTAIR,CRW2_23S_E_372_nH.db,13.636363636363635
HOTAIR,CRW2_23S_E_373_nH.db,12.5
HOTAIR,CRW2_23S_E_374_nH.db,9.35340572556762
HOTAIR,CRW2_23S_E_375_nH.db,10.217176702862785
HOTAIR,CRW2_23S_E_376_nH.db,10.342950462710942
HOTAIR,CRW2_23S_E_377_nH.db,9.227000544365815
HOTAIR,CRW2_23S_E_378_nH.db,11.653498871331823
HOTAIR,CRW2_23S_E_379_nH.db,9.81941309255079
HOTAIR,CRW2_23S_E_380_nH.db,10.025416548997457
HOTAIR,CRW2_23S_E_381_nH.db,11.719853148828019
HOTAIR,CRW2_23S_E_382_nH.db,13.729653220099081
HOTAIR,CRW2_23S_E_383_nH.db,11.288039631988678
HOTAIR,CRW2_23S_E_387_nH.db,11.668445393098537
HOTAIR,CRW2_23S_E_388_nH.db,13.838491639985772
HOTAIR,CRW2_23S_E_389_nH.db,12.774193548387093
HOTAIR,CRW2_23S_E_390_nH.db,10.741935483870968
HOTAIR,CRW2_23S_E_391_nH.db,9.567320612738506
HOTAIR,CRW2_23S_E_392_nH.db,11.0454178984144
HOTAIR,CRW2_23S_E_393_nH.db,8.024691358024693
HOTAIR,CRW2_23S_E_394_nH.db,9.375
HOTAIR,CRW2_23S_E_395_nH.db,6.88657407407407
HOTAIR,CRW2_23S_E_396_nH.db,11.581920903954801
HOTAIR,CRW2_23S_E_397_nH.db,10.169491525423723
HOTAIR,CRW2_23S_E_398_nH.db,8.605463134113778
HOTAIR,CRW2_23S_E_399_nH.db,7.516943930991992
HOTAIR,CRW2_23S_E_400_nH.db,11.104987599889782
HOTAIR,CRW2_23S_E_401_nH.db,13.033893634610083
HOTAIR,CRW2_23S_E_402_nH.db,9.479195370625515
HOTAIR,CRW2_23S_E_403_nH.db,12.076353720296062
HOTAIR,CRW2_23S_E_404_nH.db,13.128165173354112
HOTAIR,CRW2_23S_E_405_nH.db,16.166731593299577
HOTAIR,CRW2_23S_E_406_nH.db,12.211350293542079
HOTAIR,CRW2_23S_E_407_nH.db,13.22896281800391
HOTAIR,CRW2_23S_E_408_nH.db,16.36007827788649
HOTAIR,CRW2_23S_E_409_nH.db,16.47749510763209
HOTAIR,CRW2_23S_E_410_nH.db,12.01565557729941
HOTAIR,CRW2_23S_E_411_nH.db,13.385518590998046
HOTAIR,CRW2_23S_E_412_nH.db,16.324110671936754
HOTAIR,CRW2_23S_E_413_nH.db,13.359683794466404
HOTAIR,CRW2_23S_E_414_nH.db,12.213438735177862
HOTAIR,CRW2_23S_E_415_nH.db,9.681881051175656
HOTAIR,CRW2_23S_E_416_nH.db,11.17565698478562
HOTAIR,CRW2_23S_E_417_nH.db,10.110138378988987
HOTAIR,CRW2_23S_E_418_nH.db,11.606890708839313
HOTAIR,CRW2_23S_E_419_nH.db,13.724936458627502
HOTAIR,CRW2_23S_E_420_nH.db,11.732800456751358
HOTAIR,CRW2_23S_E_421_nH.db,9.820154153582639
HOTAIR,CRW2_23S_E_430_nH.db,10.673575129533674
HOTAIR,CRW2_23S_E_431_nH.db,9.32642487046632
HOTAIR,CRW2_23S_E_432_nH.db,11.285794497473333
HOTAIR,CRW2_23S_E_433_nH.db,9.79786636720943
HOTAIR,CRW2_23S_E_434_nH.db,9.535886380928227
HOTAIR,CRW2_23S_E_435_nH.db,10.880040578239914
HOTAIR,CRW2_23S_E_436_nH.db,8.698866436668308
HOTAIR,CRW2_23S_E_440_nH.db,8.109329116783371
HOTAIR,CRW2_23S_E_445_nH.db,6.979567064535708
HOTAIR,CRW2_23S_E_446_nH.db,7.748330973093265
HOTAIR,CRW2_23S_E_447_nH.db,11.59257175014069
HOTAIR,CRW2_23S_E_448_nH.db,10.045019696117052
HOTAIR,CRW2_23S_E_453_nH.db,11.458915595304642
HOTAIR,CRW2_23S_E_454_nH.db,9.612233752048061
HOTAIR,CRW2_23S_E_455_nH.db,11.308385686970768
HOTAIR,CRW2_23S_E_456_nH.db,9.545753785385125
HOTAIR,CRW2_23S_E_457_nH.db,12.837393021724818
HOTAIR,CRW2_23S_E_458_nH.db,9.598853868194846
HOTAIR,CRW2_23S_E_459_nH.db,8.619866284622734
HOTAIR,CRW2_23S_E_460_nH.db,9.704990350151643
HOTAIR,CRW2_23S_E_461_nH.db,13.151364764267992
HOTAIR,CRW2_23S_E_462_nH.db,11.331679073614554
HOTAIR,CRW2_23S_E_464_nH.db,11.0133409026398
HOTAIR,CRW2_23S_E_465_nH.db,13.653241930876892
HOTAIR,CRW2_23S_E_466_nH.db,11.739502999143102
HOTAIR,CRW2_23S_E_467_nH.db,13.653241930876892
HOTAIR,CRW2_23S_E_470_nH.db,15.899419729206965
HOTAIR,CRW2_23S_E_471_nH.db,12.959381044487428
HOTAIR,CRW2_23S_E_472_nH.db,11.992263056092845
HOTAIR,CRW2_23S_E_473_nH.db,9.735548794757786
HOTAIR,CRW2_23S_E_474_nH.db,8.144161010999296
HOTAIR,CRW2_23S_E_475_nH.db,9.320113314447587
HOTAIR,CRW2_23S_E_476_nH.db,10.878186968838532
HOTAIR,CRW2_23S_E_477_nH.db,18.27715355805244
HOTAIR,CRW2_23S_E_478_nH.db,16.554307116104873
HOTAIR,CRW2_23S_E_479_nH.db,18.181818181818176
HOTAIR,CRW2_23S_E_480_nH.db,17.863954227590597
HOTAIR,CRW2_23S_E_482_nH.db,20.966271649954425
HOTAIR,CRW2_23S_E_484_nH.db,13.019492460463411
HOTAIR,CRW2_23S_E_485_nH.db,11.879367414490627
HOTAIR,CRW2_23S_E_486_nH.db,10.468058191018347
HOTAIR,CRW2_23S_E_487_nH.db,16.326530612244895
HOTAIR,CRW2_23S_E_488_nH.db,11.132194813409235
HOTAIR,CRW2_23S_E_489_nH.db,17.49271137026239
HOTAIR,CRW2_23S_E_490_nH.db,21.20171673819743
HOTAIR,CRW2_23S_E_493_nH.db,21.458333333333336
HOTAIR,CRW2_23S_E_494_nH.db,21.666666666666668
HOTAIR,CRW2_23S_E_495_nH.db,20.895522388059707
HOTAIR,CRW2_23S_E_496_nH.db,22.934076137418757
HOTAIR,CRW2_23S_E_497_nH.db,24.14113277623027
HOTAIR,CRW2_23S_E_498_nH.db,17.9047619047619
HOTAIR,CRW2_23S_E_499_nH.db,17.841269841269845
HOTAIR,CRW2_23S_E_500_nH.db,17.796073464217855
HOTAIR,CRW2_23S_E_501_nH.db,17.859404686510448
HOTAIR,CRW2_23S_E_502_nH.db,21.532615579480684
HOTAIR,CRW2_23S_E_503_nH.db,11.769260549748351
HOTAIR,CRW2_23S_E_504_nH.db,12.814556716995739
HOTAIR,CRW2_23S_E_505_nH.db,23.714585519412378
HOTAIR,CRW2_23S_E_506_nH.db,22.455403987408186
HOTAIR,CRW2_23S_E_507_nH.db,21.720881427072403
HOTAIR,CRW2_23S_E_508_nH.db,16.4490861618799
HOTAIR,CRW2_23S_E_509_nH.db,19.686684073107052
HOTAIR,CRW2_23S_E_510_nH.db,14.725848563968668
HOTAIR,CRW2_23S_E_511_nH.db,19.71954425942156
HOTAIR,CRW2_23S_E_512_nH.db,17.87905346187555
HOTAIR,CRW2_23S_E_513_nH.db,19.71080669710806
HOTAIR,CRW2_23S_E_515_nH.db,17.048346055979646
HOTAIR,CRW2_23S_E_516_nH.db,17.811704834605603
HOTAIR,CRW2_23S_E_517_nH.db,19.741837509491265
HOTAIR,CRW2_23S_E_518_nH.db,22.627182991647686
HOTAIR,CRW2_23S_E_522_nH.db,19.440353460972016
HOTAIR,CRW2_23S_E_523_nH.db,16.9047619047619
HOTAIR,CRW2_23S_E_524_nH.db,16.964285714285708
HOTAIR,CRW2_23S_E_525_nH.db,20.41152263374486
HOTAIR,CRW2_23S_E_526_nH.db,20.017793594306056
HOTAIR,CRW2_23S_E_527_nH.db,18.41637010676157
HOTAIR,CRW2_23S_E_528_nH.db,13.145928069450186
HOTAIR,CRW2_23S_E_529_nH.db,12.856552294336499
HOTAIR,CRW2_23S_E_530_nH.db,13.219945883262463
HOTAIR,CRW2_23S_E_531_nH.db,12.060301507537686
HOTAIR,CRW2_23S_E_532_nH.db,17.875318066157764
HOTAIR,CRW2_23S_E_533_nH.db,17.17557251908397
HOTAIR,CRW2_23S_E_535_nH.db,15.317414094350612
HOTAIR,CRW2_23S_E_536_nH.db,11.38579387186629
HOTAIR,CRW2_23S_E_537_nH.db,12.082172701949856
HOTAIR,CRW2_23S_E_541_nH.db,17.906683480453978
HOTAIR,CRW2_23S_E_542_nH.db,17.65447667087011
HOTAIR,CRW2_23S_E_543_nH.db,17.707006369426747
HOTAIR,CRW2_23S_E_544_nH.db,17.452229299363054
HOTAIR,CRW2_23S_E_545_nH.db,16.817496229260932
HOTAIR,CRW2_23S_E_546_nH.db,18.174962292609354
HOTAIR,CRW2_23S_E_547_nH.db,17.647058823529417
HOTAIR,CRW2_23S_E_548_nH.db,17.836812144212523
HOTAIR,CRW2_23S_E_551_nH.db,20.902394106813993
HOTAIR,CRW2_23S_E_552_nH.db,10.757867694283885
HOTAIR,CRW2_23S_E_553_nH.db,10.732647814910024
HOTAIR,CRW2_23S_E_554_nH.db,17.5200493522517
HOTAIR,CRW2_23S_E_555_nH.db,17.39666872301049
HOTAIR,CRW2_23S_E_556_nH.db,17.7409061901723
HOTAIR,CRW2_23S_E_557_nH.db,17.166560306317802
HOTAIR,CRW2_23S_E_558_nH.db,18.035943517329912
HOTAIR,CRW2_23S_E_559_nH.db,17.971758664955072
HOTAIR,CRW2_23S_E_561_nH.db,18.228498074454425
HOTAIR,CRW2_23S_E_562_nH.db,17.942942942942942
HOTAIR,CRW2_23S_E_565_nH.db,18.079519879969997
HOTAIR,CRW2_23S_E_566_nH.db,19.054763690922726
HOTAIR,CRW2_23S_E_567_nH.db,20.855213803450866
HOTAIR,CRW2_23S_E_568_nH.db,17.960426179604262
HOTAIR,CRW2_23S_E_569_nH.db,18.87366818873668
HOTAIR,CRW2_23S_E_570_nH.db,17.81756180733163
HOTAIR,CRW2_23S_E_571_nH.db,19.266837169650465
HOTAIR,CRW2_23S_E_572_nH.db,20.119352088661547
HOTAIR,CRW2_23S_E_573_nH.db,22.51759186864738
HOTAIR,CRW2_23S_E_574_nH.db,19.624706802189205
HOTAIR,CRW2_23S_E_575_nH.db,20.562939796716183
HOTAIR,CRW2_23S_E_576_nH.db,19.3631669535284
HOTAIR,CRW2_23S_E_577_nH.db,17.90017211703959
HOTAIR,CRW2_23S_E_580_nH.db,19.614147909967848
HOTAIR,CRW2_23S_E_581_nH.db,0.0
HOTAIR,CRW2_23S_E_582_nH.db,15.410052910052908
HOTAIR,CRW2_23S_E_583_nH.db,17.572692793931733
HOTAIR,CRW2_23S_E_584_nH.db,17.572692793931733
HOTAIR,CRW2_23S_E_585_nH.db,13.219006788138621
HOTAIR,CRW2_23S_E_586_nH.db,11.611289746337983
HOTAIR,CRW2_23S_E_587_nH.db,18.36734693877551
HOTAIR,CRW2_23S_E_590_nH.db,10.187590187590189
HOTAIR,CRW2_23S_E_591_nH.db,9.725829725829726
HOTAIR,CRW2_23S_E_592_nH.db,9.962985811227643
HOTAIR,CRW2_23S_E_593_nH.db,11.47439851943245
HOTAIR,CRW2_23S_E_594_nH.db,13.006561173292164
HOTAIR,CRW2_23S_E_595_nH.db,12.04168274797376
HOTAIR,CRW2_23S_E_596_nH.db,17.868538608806638
HOTAIR,CRW2_23S_E_597_nH.db,17.549457562220805
HOTAIR,CRW2_23S_E_598_nH.db,9.340511440107669
HOTAIR,CRW2_23S_E_599_nH.db,9.448183041722746
HOTAIR,CRW2_23S_E_600_nH.db,10.081037277147487
HOTAIR,CRW2_23S_E_601_nH.db,10.113452188006477
HOTAIR,CRW2_23S_E_602_nH.db,9.689695550351285
HOTAIR,CRW2_23S_E_603_nH.db,10.01170960187353
HOTAIR,CRW2_23S_E_604_nH.db,13.182324545116975
HOTAIR,CRW2_23S_E_605_nH.db,11.845525436316374
HOTAIR,CRW2_23S_E_606_nH.db,17.85944551901999
HOTAIR,CRW2_23S_E_607_nH.db,17.601547388781434
HOTAIR,CRW2_23S_E_609_nH.db,18.93780573025856
HOTAIR,CRW2_23S_E_612_nH.db,18.809005083514883
HOTAIR,CRW2_23S_E_617_nH.db,11.84510250569476
HOTAIR,CRW2_23S_E_618_nH.db,12.528473804100226
HOTAIR,CRW2_23S_E_619_nH.db,12.239382239382234
HOTAIR,CRW2_23S_E_620_nH.db,13.20463320463321
HOTAIR,CRW2_23S_E_621_nH.db,16.838046272493578
HOTAIR,CRW2_23S_E_622_nH.db,15.424164524421592
HOTAIR,CRW2_23S_E_623_nH.db,12.88940809968847
HOTAIR,CRW2_23S_E_624_nH.db,12.149532710280376
HOTAIR,CRW2_23S_E_625_nH.db,18.10012836970475
HOTAIR,CRW2_23S_E_626_nH.db,18.035943517329912
HOTAIR,CRW2_23S_E_627_nH.db,17.635782747603834
HOTAIR,CRW2_23S_E_628_nH.db,18.274760383386578
HOTAIR,CRW2_23S_E_629_nH.db,10.98535286284953
HOTAIR,CRW2_23S_E_630_nH.db,11.884154460719042
HOTAIR,CRW2_23S_E_631_nH.db,13.267902580879676
HOTAIR,CRW2_23S_E_632_nH.db,11.850236277717197
HOTAIR,CRW2_23S_E_633_nH.db,17.28706624605678
HOTAIR,CRW2_23S_E_634_nH.db,17.47634069400631
HOTAIR,CRW2_23S_E_635_nH.db,17.254650416933938
HOTAIR,CRW2_23S_E_636_nH.db,11.791212917761918
HOTAIR,CRW2_23S_E_637_nH.db,17.703656189865303
HOTAIR,CRW2_23S_E_638_nH.db,12.542245587683066
HOTAIR,CRW2_23S_E_639_nH.db,11.265646731571632
HOTAIR,CRW2_23S_E_640_nH.db,12.447844228094574
HOTAIR,CRW2_23S_E_641_nH.db,12.03788573174458
HOTAIR,CRW2_23S_E_642_nH.db,9.715857011915674
HOTAIR,CRW2_23S_E_643_nH.db,9.532538955087077
HOTAIR,CRW2_23S_E_644_nH.db,11.995753715498935
HOTAIR,CRW2_23S_E_645_nH.db,11.394196744515217
HOTAIR,CRW2_23S_E_646_nH.db,17.9016393442623
HOTAIR,CRW2_23S_E_647_nH.db,17.442622950819676
HOTAIR,CRW2_23S_E_651_nH.db,18.253447143795142
HOTAIR,CRW2_23S_E_652_nH.db,18.64740643466841
HOTAIR,CRW2_23S_E_653_nH.db,10.643207383905395
HOTAIR,CRW2_23S_E_654_nH.db,9.258725122584366
HOTAIR,CRW2_23S_E_655_nH.db,17.96875
HOTAIR,CRW2_23S_E_656_nH.db,19.357638888888886
HOTAIR,CRW2_23S_E_657_nH.db,17.714285714285715
HOTAIR,CRW2_23S_E_658_nH.db,17.333333333333336
HOTAIR,CRW2_23S_E_659_nH.db,12.254335260115612
HOTAIR,CRW2_23S_E_660_nH.db,12.100192678227362
HOTAIR,CRW2_23S_E_661_nH.db,11.984585741811172
HOTAIR,CRW2_23S_E_662_nH.db,12.21579961464354
HOTAIR,CRW2_23S_E_663_nH.db,17.682926829268297
HOTAIR,CRW2_23S_E_664_nH.db,17.439024390243908
HOTAIR,CRW2_23S_E_665_nH.db,21.46341463414634
HOTAIR,CRW2_GIII_B_18_nH.db,11.049941014549747
HOTAIR,CRW2_GIII_B_1_nH.db,13.845376452753921
HOTAIR,CRW2_GIII_B_2_nH.db,10.53846153846154
HOTAIR,CRW2_GIII_B_3_nH.db,14.548319327731097
HOTAIR,CRW2_GIII_E_10_nH.db,22.913505311077387
HOTAIR,CRW2_GIII_E_11_nH.db,10.377718428080884
HOTAIR,CRW2_GIII_E_12_nH.db,16.280487804878053
HOTAIR,CRW2_GIII_E_13_nH.db,9.893733968486629
HOTAIR,CRW2_GIII_E_14_nH.db,18.131868131868135
HOTAIR,CRW2_GIII_E_16_nH.db,23.355263157894733
HOTAIR,CRW2_GIII_E_17_nH.db,23.529411764705888
HOTAIR,CRW2_GIII_E_19_nH.db,21.03004291845494
HOTAIR,CRW2_GIII_E_20_nH.db,27.011494252873558
HOTAIR,CRW2_GIII_E_21_nH.db,27.79220779220779
HOTAIR,CRW2_GIII_E_22_nH.db,26.086956521739136
HOTAIR,CRW2_GIII_E_23_nH.db,28.34437086092715
HOTAIR,CRW2_GIII_E_24_nH.db,23.030303030303035
HOTAIR,CRW2_GIII_E_25_nH.db,26.412429378531076
HOTAIR,CRW2_GIII_E_26_nH.db,12.748815165876781
HOTAIR,CRW2_GIII_E_27_nH.db,14.862681744749596
HOTAIR,CRW2_GIII_E_28_nH.db,26.380952380952383
HOTAIR,CRW2_GIII_E_29_nH.db,11.236863379143092
HOTAIR,CRW2_GIII_E_30_nH.db,22.31543624161074
HOTAIR,CRW2_GIII_E_31_nH.db,25.757575757575758
HOTAIR,CRW2_GIII_E_32_nH.db,11.557377049180328
HOTAIR,CRW2_GIII_E_33_nH.db,24.949494949494955
HOTAIR,CRW2_GIII_E_35_nH.db,29.439999999999998
HOTAIR,CRW2_GIII_E_4_nH.db,25.0
HOTAIR,CRW2_GIII_E_5_nH.db,25.033829499323414
HOTAIR,CRW2_GIII_E_6_nH.db,22.294022617124398
HOTAIR,CRW2_GIII_E_7_nH.db,24.271844660194176
HOTAIR,CRW2_GIII_E_8_nH.db,26.165803108808294
HOTAIR,CRW2_GIII_E_9_nH.db,10.118819471061713
HOTAIR,SRPdb_SRP_131_nH.db,21.992481203007518
HOTAIR,SRPdb_SRP_233_nH.db,21.80451127819549
HOTAIR,SRPdb_SRP_244_nH.db,21.992481203007518
HOTAIR,SRPdb_SRP_41_nH.db,23.120300751879697
HOTAIR,SRPdb_SRP_517_nH.db,22.93233082706767
HOTAIR,SRPdb_SRP_674_nH.db,21.80451127819549
HOTAIR,SRPdb_SRP_701_nH.db,23.120300751879697
HOTAIR,SRPdb_SRP_714_nH.db,21.80451127819549
HOTAIR,SRPdb_SRP_78_nH.db,23.684210526315784
HOTAIR,SRPdb_SRP_821_nH.db,22.55639097744361
HOTAIR,SRPdb_SRP_873_nH.db,24.202626641651037
HOTAIR,SRPdb_SRP_95_nH.db,21.95121951219512
HOTAIR,tmRNAdb_tmRNA_194_nH.db,3.703703703703709
HOTAIR,tmRNAdb_tmRNA_254_nH.db,1.8072289156626509
HOTAIR,tmRNAdb_tmRNA_25_nH.db,1.5026296018031515
HOTAIR,tmRNAdb_tmRNA_594_nH.db,2.3290758827948954
HOTAIR,tmRNAdb_tmRNA_691_nH.db,1.427498121713
